date,recovered,cumul_recovered,cumul_recovered_perc,case,cumul_case,case_active,case_local,case_local_wn,case_local_bwn,case_import,case_import_wn,case_import_bwn,death,death_wn,death_bwn,cumul_death,cumul_death_perc,icu,intubated,tweet_id,link,remark,cumul_people_tested,people_tested,case_avg,pos_rate,pos_rate_avg
1/3/2020,0,22,75.86,4,29,7,,,,,,,0,0,0,0,0,0,0,,,,,,1,,
2/3/2020,0,22,75.86,0,29,7,,,,,,,0,0,0,0,0,0,0,,,,"1,739",,1.4,,
3/3/2020,0,22,61.11,7,36,14,,,,,,,0,0,0,0,0,0,0,,,,,,2.9,,
4/3/2020,0,22,44,14,50,28,,,,,,,0,0,0,0,0,0,0,,,,"1,983",,5.3,,
5/3/2020,0,22,40,5,55,33,,,,,,,0,0,0,0,0,0,0,,,,,,5.7,,
6/3/2020,1,23,27.71,28,83,60,,,,,,,0,0,0,0,0,0,0,,,,,,8.3,,
7/3/2020,0,23,24.73,10,93,70,,,,,,,0,0,0,0,0,0,0,,,,,,9.7,,
8/3/2020,1,24,24.24,6,99,75,,,,,,,0,0,0,0,0,2,2,,,,,,10,,
9/3/2020,0,24,20.51,18,117,93,,,,,,,0,0,0,0,0,2,2,,,,"2,686",,12.6,,
10/3/2020,1,25,19.38,12,129,104,,,,,,,0,0,0,0,0,2,2,,,,,,13.3,,
11/3/2020,1,26,17.45,20,149,123,,,,,,,0,0,0,0,0,2,2,,,,"3,573",,14.1,,
12/3/2020,6,32,20.25,9,158,126,,,,,,,0,0,0,0,0,3,3,,,,"3,691",118,14.7,7.63,
13/3/2020,1,33,16.75,39,197,164,,,,,,,0,0,0,0,0,4,4,,,,,,16.3,,
14/3/2020,2,35,14.71,41,238,203,,,,,,,0,0,0,0,0,5,5,,,,"4,899",,20.7,,
15/3/2020,7,42,9.81,190,428,386,,,,,,,0,0,0,0,0,9,9,,,,,,47,,
16/3/2020,0,42,7.59,125,553,509,,,,,,,0,0,0,2,0,12,12,,,,,,62.3,,
17/3/2020,7,49,7.28,120,673,622,,,,,,,2,2,0,2,0.3,12,12,,,,"6,842",,77.7,,
18/3/2020,11,60,7.59,117,790,728,,,,,,,0,0,0,2,0.25,15,15,,,,,,91.6,,
19/3/2020,15,75,8.33,110,900,823,,,,,,,0,0,0,2,0.22,20,20,,,,"8,873",,106,,
20/3/2020,12,87,8.45,130,1030,941,,,,,,,0,0,0,2,0.19,26,26,,,,"10,143",1270,119,,
21/3/2020,27,114,9.64,153,1183,1065,,,,,,,2,2,0,4,0.34,37,23,,,,,,135,,
22/3/2020,25,139,10.64,123,1306,1157,,,,,,,6,6,0,10,0.77,46,22,,,,"11,275",,125.4,,
23/3/2020,20,159,10.47,212,1518,1345,,,,,,,4,4,0,14,0.92,57,27,,,,"13,110",1835,137.9,11.55,
24/3/2020,24,183,11.27,106,1624,1426,,,,,,,1,1,0,15,0.92,64,27,,,,"13,594",484,135.9,21.9,
25/3/2020,16,199,11.08,172,1796,1578,,,,,,,4,4,0,19,1.06,45,34,,,,"15,820",2226,143.7,7.73,
26/3/2020,16,215,10.59,235,2031,1793,,,,,,,4,4,0,23,1.13,45,32,,,,"16,983",1163,161.6,20.21,
27/3/2020,44,259,11.99,130,2161,1876,,,,,,,3,3,0,26,1.2,54,34,,,,"24,168",7185,161.6,1.81,
28/3/2020,61,320,13.79,159,2320,1973,,,,,,,1,1,0,27,1.16,73,54,,,,"29,461",5293,162.4,3,
29/3/2020,68,388,15.71,150,2470,2048,,,,,,,7,7,0,34,1.38,73,52,,,,,,166.3,,
30/3/2020,91,479,18.24,156,2626,2110,,,,,,,3,3,0,37,1.41,94,62,,,,"31,206",,158.3,,
31/3/2020,58,537,19.41,140,2766,2186,,,,,,,6,5,1,43,1.55,94,60,,,,"32,264",1058,163.1,13.23,
1/4/2020,108,645,22.18,142,2908,2218,,,,,,,2,2,0,45,1.55,102,66,,,,"35,802",3538,158.9,4.01,
2/4/2020,122,767,24.61,208,3116,2299,,,,,,,5,5,0,50,1.6,105,54,,,,"37,599",1797,155,11.57,
3/4/2020,60,827,24.81,217,3333,2453,,,,,,,3,3,0,53,1.59,108,54,,,,"39,458",1859,167.4,11.67,
4/4/2020,88,915,26.27,150,3483,2511,,,,,,,4,4,0,57,1.64,99,50,,,,"40,923",1465,166.1,10.24,
5/4/2020,90,1005,27.44,179,3662,2596,,,,,,,4,4,9,61,1.67,99,48,,,,"43,539",2616,170.3,6.84,
6/4/2020,236,1241,32.72,131,3793,2490,,,,,,,1,1,0,62,1.63,102,54,,,,"47,457",3918,166.7,3.34,
7/4/2020,80,1321,33.33,170,3963,2579,,,,,,,1,1,0,63,1.59,92,50,,,,"52,485",5028,171,3.38,
8/4/2020,166,1487,36.1,156,4119,2567,,,,,,,2,1,1,65,1.58,76,45,,,,"58,240",5755,173,2.71,
9/4/2020,121,1608,38,109,4228,2553,,,,,,,2,2,0,67,1.58,72,43,,,,"63,367",5127,158.9,2.13,
10/4/2020,222,1830,42.11,118,4346,2446,,,,,,,3,3,0,70,1.61,69,40,,,,"67,951",4584,144.7,2.57,
11/4/2020,165,1995,44.04,184,4530,2462,,,,,,,3,3,0,73,1.61,72,38,,,,"71,897",3946,149.6,4.66,
12/4/2020,113,2108,45,153,4683,2499,,,,,,,3,3,0,76,1.62,66,37,,,,"77,491",5594,145.9,2.74,
13/4/2020,168,2276,47.23,134,4817,2464,,,,,,,1,1,0,77,1.6,66,36,,,,"81,730",4239,146.3,3.16,
14/4/2020,202,2478,49.7,170,4987,2427,,,,,,,5,4,1,82,1.64,60,33,,,,"84,791",3061,146.3,5.55,
15/4/2020,169,2647,52.2,85,5072,2342,,,,,,,1,1,0,83,1.64,56,32,,,,"87,183",2392,136.1,3.55,
16/4/2020,119,2766,53.4,110,5182,2332,,,,,,,1,1,0,84,1.62,56,29,,,,,,136.3,,
17/4/2020,201,2967,56.5,69,5251,2198,,,,,,,2,2,0,86,1.64,51,26,,,,"96,695",,129.3,,
18/4/2020,135,3102,58.5,54,5305,2115,,,,,,,2,1,1,88,1.66,49,26,,,,"100,794",4099,110.7,1.32,
19/4/2020,95,3197,59.32,84,5389,2103,,,,,,,1,1,0,89,1.65,46,26,,,,"103,892",3098,100.9,2.71,
20/4/2020,98,3295,60.74,36,5425,2041,,,,,,,0,0,0,89,1.65,45,28,,,,"108,216",4324,86.9,0.83,
21/4/2020,54,3349,61.1,57,5482,2041,39,,,18,18,0,3,3,0,92,1.68,43,27,,,,,,70.7,,
22/4/2020,103,3452,62.4,50,5532,1987,,,,,,,1,1,0,93,1.68,43,25,,,,"113,755",,65.7,,
23/4/2020,90,3542,63.2,71,5603,1966,,,,,,,2,2,0,95,1.7,42,21,,,,"117,406",3651,60.1,1.94,
24/4/2020,121,3663,64.4,88,5691,1932,,,,,,,1,1,0,96,1.69,41,18,,,,"121,722",4316,62.9,2.04,
25/4/2020,99,3762,65.52,51,5742,1882,,,,,,,2,,,98,1.71,36,16,1253981951423164416,,,"126,970",5248,62.4,0.97,
26/4/2020,100,3862,66.8,38,5780,1820,,,,,,,0,,,98,1.7,36,15,,,,"131,491",4521,55.9,0.84,
27/4/2020,95,3957,68,40,5820,1764,,,,,,,1,,,99,1.7,37,17,,,,"138,898",7407,56.4,0.54,
28/4/2020,75,4032,69,30,5850,1719,,,,,,,1,,,100,1.7,36,17,,,,"146,799",7901,52.6,0.38,
29/4/2020,55,"4,087",68.75,94,"5,945",1758,22,,,72,,,0,0,0,100,1.7,40,18,,,,"154,203",7404,58.9,1.27,
30/4/2020,85,4172,69.5,57,6002,1729,,,,,,,2,,,102,1.68,36,14,,,,,,56.9,,
1/5/2020,39,"4,210",69.3,69,"6,071",1758,,,,12,,,1,,,103,1.69,37,14,,,,"168,784",,54.1,,
2/5/2020,116,"4,326",70,105,"6,176",1747,,,,11,,,0,,,103,1.69,31,12,,,,"184,213",15429,61.9,0.68,
3/5/2020,87,"4,413",70,116,"6,298",1780,,,,52,,,2,,,105,1.69,27,13,,,,"195,833",11620,73,1,
4/5/2020,71,"4,484",70.6,55,"6,353",1764,,,,7,,,0,,,105,1.65,28,13,,,,"205,598",9765,75.1,0.56,
5/5/2020,83,"4,567",71.5,30,"6,383",1710,,,,,,,1,,,106,1.66,24,8,,,,"213,220",7622,75.1,0.39,
6/5/2020,135,"4,702",73,45,"6,428",1619,,,,,,,1,,,107,1.66,22,9,,,,"222,150",8930,68.1,0.5,
7/5/2020,74,"4,776",73.8,39,"6,467",1584,,,,,,,0,,,107,1.66,19,8,,,,"231,019",8869,65.6,0.44,
8/5/2020,88,"4,864",74,68,"6,535",1564,,,,,,,0,,,107,1.66,18,7,,,,"239,628",8609,65.4,0.79,
9/5/2020,65,"4,929",74.8,54,"6,589",1552,,,,,,,1,,,108,1.63,18,6,,,,,,58.1,,
10/5/2020,96,"5,025",75.5,67,"6,656",1523,,,,,,,0,,,108,1.62,18,6,,,,"256,937",,51.1,,
11/5/2020,88,"5,113",76,70,"6,726","1,504",,,,,,,1,,,109,1.62,20,7,,,,"266,048",9111,53.3,0.77,
12/5/2020,110,"5,223",77.4,16,"6,742","1,410",,,,,,,0,,,109,1.62,16,7,,,,,,51.3,,
13/5/2020,58,"5,281",78,37,"6,779","1,387",,,,,,,2,,,111,1.63,16,4,,,,,,50.1,,
14/5/2020,70,"5,351",78.5,40,"6,829","1,356",,,,,,,1,,,112,1.64,16,4,,,,"297,342",,50.3,,
15/5/2020,88,"5,439",79.3,36,"6,855","1,304",,,,,,,0,,,112,1.63,15,5,,,,"424,306",126964,45.7,0.03,
16/5/2020,73,"5,512",80.3,17,"6,872","1,247",,,,,,,1,,,113,1.64,13,5,,,,"434,136",9830,40.4,0.17,
17/5/2020,59,"5,571",80.8,22,"6,894","1,210",,,,,,,0,,,113,1.63,13,7,,,,"443,263",9127,34,0.24,
18/5/2020,44,"5,615",80.9,47,"6,941","1,213",,,,,,,0,,,113,1.63,13,6,,,,,,30.7,,
19/5/2020,31,"5,646",80.9,37,"6,978","1,218",,,,,,,1,,,114,1.61,11,6,,,,"462,257",,33.7,,
20/5/2020,60,"5,706",81.4,31,"7,009","1,189",,,,,,,0,,,114,1.63,11,7,,,,"471,318",9061,32.9,0.34,
21/5/2020,90,"5,796",82.1,50,"7,059","1,149",,,,,,,0,,,114,1.61,10,7,,,,"481,411",10093,34.3,0.5,
22/5/2020,63,"5,859",82.1,78,"7,137","1,163",,,,,,,1,,,115,1.61,9,5,,,,"491,729",10318,40.3,0.76,
23/5/2020,53,"5,912",82.3,48,"7,185","1,158",,,,,,,0,,,115,1.6,9,5,,,,"500,469",8740,44.7,0.55,
24/5/2020,33,"5,945",82,60,"7,245","1,185",,,,,,,0,,,115,1.6,9,4,,,,"507,682",7213,50.1,0.83,
25/5/2020,34,"5,979",80.6,172,"7,417","1,323",,,,,,,0,,,115,1.55,8,4,,,,"513,370",5688,68,3.02,
26/5/2020,62,6041,79.4,187,"7,604","1,448",,,,,,,0,,,115,1.51,8,5,,,,"519,944",6574,89.4,2.84,
27/5/2020,42,6083,79.8,15,"7,619","1,421",,,,,,,0,,,115,1.5,8,4,,,,,,87.1,,
28/5/2020,86,6169,80.8,10,"7,629","1,345",,,,,,,0,,,115,1.5,8,4,,,,"530,501",,81.4,,
29/5/2020,66,6235,80.6,103,"7,732","1,382",,,,,,,0,,,115,1.48,8,2,,,,"537,894",7393,85,1.39,
30/5/2020,95,6330,81.6,30,"7,762","1,317",,,,,,,0,,,115,1.48,9,2,,,,"546,368",8474,82.4,0.35,
31/5/2020,23,6353,81.2,57,"7,819","1,352",,,,,,,0,,,115,1.47,9,2,,,,"553,183",6815,82,0.84,
1/6/2020,51,6404,81.5,38,"7,857","1,338",,,,,,,0,,,115,1.47,8,2,,,,"560,738",7555,62.9,0.5,
2/6/2020,66,6470,82.1,20,"7,877","1,292",,,,,,,0,,,115,1.45,6,2,,,,"567,287",6549,39,0.31,
3/6/2020,61,6531,81.9,93,"7,970","1,324",,,,,,,0,,,115,1.44,6,2,,,,"575,505",8218,50.1,1.13,
4/6/2020,28,6559,79.5,277,8247,"1,573",,,,,,,0,,,115,1.39,6,2,,,,"582,486",6981,88.3,3.97,
5/6/2020,51,6610,80,19,8266,"1,540",,,,,,,1,,,116,1.4,6,1,,,,"590,613",8127,76.3,0.23,
6/6/2020,25,6635,79.91,37,8303,"1,551",,,,,,,1,,,117,1.4,5,0,,,,"599,454",8841,77.3,0.42,
7/6/2020,39,6674,80.2,19,8322,"1,531",13,11,2,6,,,0,0,0,117,1.4,5,0,,,,,,71.9,,
8/6/2020,20,6694,80.4,7,8329,"1,518",,,,,,,0,,,117,1.4,6,1,,,,"614,239",,67.4,,
9/6/2020,281,6975,83.7,7,8336,"1,224",,,,,,,0,,,117,1.4,6,1,,,,"620,320",6081,65.6,0.12,
10/6/2020,39,7014,84.1,2,8338,"1,206",,,,,,,1,,,118,1.4,5,0,,,,"625,775",5455,52.6,0.04,
11/6/2020,51,7065,84.4,31,8369,"1,186",,,,,,,0,,,118,1.4,5,0,,,,"631,608",5833,17.4,0.53,
12/6/2020,103,7168,85.3,33,8402,"1,115",,,,,,,1,,,119,1.42,4,0,,,,"640,680",9072,19.4,0.36,
13/6/2020,143,7311,86.6,43,8455,"1,014",,,,,,,1,,,120,1.42,4,0,,,,"646,055",5375,20.3,0.8,
14/6/2020,35,7346,86.9,8,8453,986,,,,,,,1,,,121,1.43,4,0,,,,"651,344",5289,18.7,0.15,
15/6/2020,54,7400,87.1,41,8494,973,,,,,,,0,,,121,1.42,4,0,,,,"656,210",4866,23.6,0.84,
16/6/2020,333,7733,90.9,11,8505,651,,,,,,,0,,,121,1.42,4,0,,,,"659,632",3422,24.1,0.32,
17/6/2020,140,7873,92.5,10,8515,521,,,,,,,0,,,121,1.42,4,0,,,,"664,334",4702,25.3,0.21,
18/6/2020,127,8000,93.8,14,8529,408,,,,,,,0,,,121,1.42,4,0,,,,"669,589",5255,22.9,0.27,
19/6/2020,70,8070,94.6,6,8535,344,,,,,,,0,,,121,1.41,3,0,,,,"674,551",4962,19,0.12,
20/6/2020,76,8146,95.2,21,8556,286,,,,,,,0,,,121,1.41,3,0,,,,"679,826",5275,15.9,0.4,
21/6/2020,10,8156,95.1,16,8572,295,,,,,,,0,,,121,1.41,3,0,,,,"683,968",4142,17,0.39,
22/6/2020,21,8177,95.2,15,8587,289,,,,,,,0,,,121,1.41,2,0,,,,"686,905",2937,13.3,0.51,
23/6/2020,9,8186,95.3,3,8590,283,,,,,,,0,,,121,1.4,3,0,,,,"693,603",6698,12.1,0.04,
24/6/2020,45,8231,95.8,6,8596,244,4,4,0,2,1,1,0,0,0,121,1.4,2,0,,,,"704,336",10733,11.6,0.06,
25/6/2020,40,8271,96.2,4,8600,208,,,,,,,0,,,121,1.4,2,0,,,,"716,178",11842,10.1,0.03,
26/6/2020,23,8294,96.4,6,8606,191,,,,,,,0,,,121,1.4,2,0,,,,"729,116",12938,10.1,0.05,
27/6/2020,14,8308,96.4,10,8616,187,,,,,,,0,,,121,1.4,2,0,,,,"739,458",10342,8.6,0.1,
28/6/2020,10,8318,96.3,18,8634,195,14,0,14,4,3,1,0,0,0,121,1.4,2,0,,,,"749,950",10492,8.9,0.17,
29/6/2020,16,8334,96.5,3,8637,182,,,,,,,0,,,121,1.4,4,1,,,,"756,171",6221,7.1,0.05,
30/6/2020,20,8354,96.7,2,8639,164,,,,,,,0,,,121,1.4,4,1,,,,"764,999",8828,7,0.02,
1/7/2020,21,8375,96.9,1,8640,144,,,,,,,0,,,121,1.4,4,2,,,,"773,911",8912,6.3,0.01,
2/7/2020,62,8473,97.6,3,8643,85,,,,,,,0,,,121,1.4,2,2,,,,"782,638",8727,6.1,0.03,
3/7/2020,9,8446,97.7,5,8648,81,,,,,,,0,,,121,1.39,2,2,,,,"790,859",8221,6,0.06,
4/7/2020,15,8461,97.7,10,8658,76,3,2,1,7,7,0,0,0,0,121,1.39,2,2,,,,"797,796",6937,6,0.14,
5/7/2020,4,8465,97.7,5,8663,77,,,,,,,0,,,121,1.39,2,2,,,,"804,518",6722,4.1,0.07,
6/7/2020,11,8476,97.7,5,8668,71,,,,,,,0,,,121,1.39,2,2,,,,"810,057",5539,4.4,0.09,
7/7/2020,5,8481,97.8,6,8674,72,,,,,,,0,,,121,1.39,2,2,,,,"816,118",6061,5,0.1,
8/7/2020,5,8487,97.8,4,8677,70,,,,,,,0,,,121,1.39,2,1,,,,"822,646",6528,5.4,0.06,
9/7/2020,13,8499,97.8,6,8683,63,,,,,,,0,,,121,1.39,2,1,,,,"829,988",7342,5.9,0.08,
10/7/2020,12,8511,97.9,13,8696,64,,,,,,,0,,,121,1.39,2,2,,,,"836,255",6267,7,0.21,
11/7/2020,4,8515,97.8,8,8704,67,,,,,,,1,,,122,1.4,3,2,,,,"842,476",6221,6.7,0.13,
12/7/2020,4,8519,97.7,14,8718,77,,,,,,,0,,,122,1.39,3,2,,,,"847,510",5034,8,0.28,
13/7/2020,1,8520,97.6,7,8725,83,,,,,,,0,,,122,1.39,4,3,,,,"850,423",2913,8.3,0.24,
14/7/2020,4,8524,97.6,4,8729,83,,,,,,,0,,,122,1.39,6,2,,,,"855,119",4696,8,0.09,
15/7/2020,2,8526,97.6,5,8734,86,,,,,,,0,,,122,1.39,5,1,,,,"861,896",6777,8.1,0.07,
16/7/2020,22,8538,97.7,3,8737,77,,,,,,,0,,,122,1.39,3,1,,,,"868,394",6498,7.7,0.05,
17/7/2020,3,8541,97.6,18,8755,92,,,,,,,0,,,122,1.39,3,0,,,,"876,222",7828,8.4,0.23,
18/7/2020,5,8546,97.5,9,8764,96,,,,,,,0,,,122,1.39,1,0,,,,"884,170",7948,8.6,0.11,
19/7/2020,7,8553,97.4,15,8779,103,,,,,,,1,,,123,1.4,2,1,,,,"889,744",5574,8.7,0.27,
20/7/2020,2,8555,97.2,21,8800,122,,,,,,,0,,,123,1.4,3,1,,,,"895,758",6014,10.7,0.35,
21/7/2020,7,8562,97.1,15,8815,130,,,,,,,0,,,123,1.4,4,1,,,,"902,439",6681,12.3,0.22,
22/7/2020,4,8566,96.9,16,8831,142,,,,,,,0,,,123,1.39,5,1,,,,"909,627",7188,13.9,0.22,
23/7/2020,8,8574,97,9,8840,143,,,,,,,0,,,123,1.39,5,2,,,,"916,340",6713,14.7,0.13,
24/7/2020,3,8577,96.8,21,8861,161,,,,,,,0,,,123,1.39,5,2,,,,"925,188",8848,15.1,0.24,
25/7/2020,17,8594,96.7,23,8884,167,,,,,,,0,,,123,1.38,3,2,,,,"932,397",7209,17.1,0.32,
26/7/2020,6,8600,96.7,13,8897,173,,,,,,,1,,,124,1.39,2,1,,,,"937,645",5248,16.9,0.25,
27/7/2020,1,8601,96.6,7,8904,179,,,,,,,0,,,124,1.39,0,0,,,,"943,244",5599,14.9,0.13,
28/7/2020,6,8607,96.2,39,8943,212,,,,,,,0,,,124,1.39,1,1,,,,"949,141",5897,18.3,0.66,
29/7/2020,5,8612,96.2,13,8956,220,,,,,,,0,,,124,1.38,2,1,,,,"955,133",5992,17.9,0.22,
30/7/2020,5,8617,96.13,8,8964,223,,,,,,,0,,,124,1.38,3,1,,,,"963,079",7946,17.7,0.1,
31/7/2020,27,8644,96.3,12,8976,207,,,,,,,1,,,125,1.39,3,1,,,,"970,644",7565,16.4,0.16,
1/8/2020,3,8647,96.24,9,8985,213,,,,,,,0,,,125,1.39,2,1,,,,"974,674",4030,14.4,0.22,0.25
2/8/2020,17,8664,96.28,14,8999,210,,,,,,,0,,,125,1.39,2,1,,,,"979,178",4504,14.6,0.31,0.26
3/8/2020,4,8668,96.3,2,9001,208,2,2,0,0,0,0,0,0,0,125,1.39,1,0,,,,"983,297",4119,13.9,0.05,0.25
4/8/2020,16,8684,96.47,1,9002,193,,,,,,,0,,,125,1.39,0,0,,,,"991,333",8036,8.4,0.01,0.15
5/8/2020,18,8702,96.4,21,9023,196,,,,,,,0,,,125,1.385,2,0,,,,"1,001,090",9757,9.6,0.22,0.15
6/8/2020,11,8713,96.4,15,9038,200,,,,,,,0,,,125,1.385,2,1,,,,"1,012,660",11570,10.6,0.13,0.16
7/8/2020,15,8728,96.3,25,9063,210,,,,,,,0,,,125,1.38,2,1,,,,"1,024,719",12059,12.4,0.21,0.16
8/8/2020,47,8775,96.8,7,9080,170,,,,,,,0,,,125,1.38,2,1,,,,"1,036,339",11620,12.1,0.06,0.14
9/8/2020,9,8784,96.7,13,9083,174,,,,,,,0,,,125,1.38,1,0,,,,"1,045,976",9637,12,0.13,0.12
10/8/2020,19,8303,96.8,11,9094,166,,,,,,,0,,,125,1.37,1,0,,,,"1,053,531",7555,13.3,0.15,0.13
11/8/2020,6,8809,96.8,9,9103,169,,,,,,,0,,,125,1.37,2,0,,,,"1,063,304",9773,14.4,0.09,0.14
12/8/2020,8,8817,96.7,11,9114,172,,,,,,,0,,,125,1.37,1,0,,,,"1,074,020",10716,13,0.1,0.12
13/8/2020,4,8821,96.6,15,9129,183,,,,,,,0,,,125,1.37,2,0,,,,"1,085,040",11020,13,0.14,0.13
14/8/2020,7,8828,96.5,20,9149,196,,,,,,,0,,,125,1.37,4,1,,,,"1,095,768",10728,12.3,0.19,0.12
15/8/2020,3,8831,96.3,26,9175,219,,,,,,,0,,,125,1.36,6,1,,,,"1,106,217",10449,15,0.25,0.15
16/8/2020,28,8859,96.3,25,9200,216,,,,,,,0,,,125,1.36,7,2,,,,"1,114,246",8029,16.7,0.31,0.17
17/8/2020,17,8876,96.4,12,9212,211,,,,,,,0,,,125,1.36,8,2,,,,"1,120,666",6420,16.9,0.19,0.18
18/8/2020,26,8902,96.6,7,9219,192,,,,,,,0,,,125,1.36,8,2,,,,"1,129,091",8425,16.6,0.08,0.18
19/8/2020,23,8925,96.6,16,9235,185,,,,,,,0,,,125,1.35,7,3,,,,"1,141,679",12588,17.3,0.13,0.18
20/8/2020,7,8932,96.7,5,9240,183,,,,,,,0,,,125,1.35,7,4,,,,"1,152,140",10461,15.9,0.05,0.17
21/8/2020,13,8945,96.7,9,9249,179,,,,,,,0,,,125,1.35,7,4,,,,"1,160,390",8250,14.3,0.11,0.16
22/8/2020,4,8949,96.7,8,9257,183,,,,,,,0,,,125,1.35,8,4,,,,"1,167,949",7559,11.7,0.11,0.14
23/8/2020,10,8959,96.7,10,9267,183,2,2,0,8,3,5,0,,,125,1.35,9,4,,,,"1,176,416",8467,9.6,0.12,0.11
24/8/2020,6,8965,96.7,7,9274,185,,,,,,,0,,,125,1.35,8,5,,,,"1,182,845",6429,8.9,0.11,0.1
25/8/2020,6,8971,96.6,11,9285,189,,,,,,,0,,,125,1.35,8,6,,,,"1,191,500",8655,9.4,0.13,0.11
26/8/2020,7,8978,96.6,6,9291,188,,,,,,,0,,,125,1.35,9,6,,,,"1,202,764",11264,8,0.05,0.1
27/8/2020,16,8994,96.8,5,9296,177,,,,,,,0,,,125,1.34,8,6,,,,"1,212,790",10026,8,0.05,0.1
28/8/2020,36,9030,97,10,9306,151,,,,,,,0,,,125,1.34,8,6,,,,"1,222,854",10064,8.1,0.1,0.09
29/8/2020,8,9038,97,11,9317,154,,,,,,,0,,,125,1.34,8,6,,,,"1,232,927",10073,8.6,0.11,0.1
30/8/2020,10,9048,96.9,17,9334,160,,,,,,,1,,,126,1.35,7,5,,,,"1,243,540",10613,9.6,0.16,0.1
31/8/2020,6,9054,96.9,6,9340,159,,,,,,,1,,,127,1.36,6,4,,,,"1,253,855",10315,9.4,0.06,0.09
1/9/2020,21,9075,97,14,9354,151,,,,,,,1,,,128,1.37,5,3,,,,"1,262,848",8993,9.9,0.16,0.1
2/9/2020,4,9079,97,6,9360,153,,,,,,,0,,,128,1.37,4,3,,,,"1,270,229",7381,9.9,0.08,0.1
3/9/2020,4,9083,96.9,14,9374,163,,,,,,,0,,,128,1.37,4,3,,,,"1,280,878",10649,11.1,0.13,0.11
4/9/2020,9,9092,96.9,11,9385,165,4,,,7,,,0,,,128,1.36,4,3,,,,"1,290,602",9724,11.3,0.11,0.12
5/9/2020,21,9113,97,6,9391,150,2,2,,4,2,2,0,,,128,1.36,5,3,,,,"1,299,724",9122,10.6,0.07,0.11
6/9/2020,2,9115,97,6,9397,154,3,,,3,0,3,0,,,128,1.36,6,3,,,,"1,307,454",7730,9,0.08,0.1
7/9/2020,9,9124,96.5,62,9459,207,56,30,26,6,2,4,0,,,128,1.35,6,4,1302890281642074112,t.co/k4C9NzPuRt,,"1,313,774",6320,17,0.98,0.23
8/9/2020,12,9136,96.6,100,9559,295,85,,,15,,,0,,,128,1.35,7,4,1303273872012140544,t.co/xsTCM7mYCE,,"1,322,445",8671,29.3,1.15,0.37
9/9/2020,7,9143,95.4,24,9583,317,18,,,6,,,0,,,128,1.35,7,4,1303621756515614721,t.co/bEuxIL2va5,,"1,332,917",10472,31.9,0.23,0.39
10/9/2020,24,9167,95.2,45,9628,333,44,,,1,,,0,,,128,1.33,9,5,,,,"1,342,472",9555,36.3,0.47,0.44
11/9/2020,14,9181,93.59,182,9810,501,181,90,91,1,0,1,0,,,128,1.3,9,5,1304350471872684032,t.co/MA0t8Xdd9L,,"1,353,826",11354,60.7,1.6,0.65
12/9/2020,8,9189,93.59,58,9868,551,53,,,5,3,2,0,,,128,1.3,9,5,1304706214794723329,t.co/PxmVzcehaZ,,"1,362,631",8805,68.1,0.66,0.74
13/9/2020,7,9196,92.75,47,9915,591,45,28,17,2,0,2,0,,,128,1.29,9,4,1305058915177000960,t.co/xzwvDq2C32,,"1,372,154",9523,74,0.49,0.8
14/9/2020,7,9203,92.53,31,9946,615,28,19,9,3,2,1,0,,,128,1.29,11,5,1305429995028795392,t.co/RThp9idTNO,,"1,383,769",11615,69.6,0.27,0.7
15/9/2020,6,9209,92.37,23,9969,632,13,10,3,10,5,5,0,,,128,1.28,14,4,1305812184954408960,t.co/FNr9FZAXfe,,"1,395,578",11809,58.6,0.19,0.56
16/9/2020,26,9235,92.06,62,10031,668,61,41,20,1,1,,0,,,128,1.28,15,3,1306150009264459776,t.co/EbHmJjtTCe,,"1,407,259",11681,64,0.53,0.6
17/9/2020,15,9250,92.02,21,10052,674,16,15,1,5,5,,0,,,128,1.27,13,2,1306518423908753408,t.co/K0qNTbUQse,,"1,417,154",9895,60.6,0.21,0.57
18/9/2020,14,9264,91.3,95,10147,754,91,68,23,4,0,4,1,,,129,1.27,11,2,1306888763595919360,t.co/0O5OTYrs8v,,"1,427,133",9979,48.1,0.95,0.47
19/9/2020,51,9315,91.62,20,10167,722,17,14,3,3,2,1,1,,,130,1.28,12,2,"1,307,240,523,397,120,000",t.co/ofq2b8vBKQ,,"1,437,354",10221,42.7,0.2,0.41
20/9/2020,40,9355,91.55,52,10219,734,40,26,14,12,3,9,0,,,130,1.27,10,2,1307611476195041280,t.co/8UQaynTcP8,,"1,444,686",7332,43.4,0.71,0.44
21/9/2020,40,9395,91.43,57,10276,751,51,45,6,6,1,5,0,,,130,1.26,9,2,1307967646873169922,t.co/kyWq8owIKc,,"1,451,697",7011,47.1,0.81,0.52
22/9/2020,168,9563,92.32,82,10358,665,72,60,12,10,9,1,0,,,130,1.26,9,2,1308348559410909187,t.co/0nH5RCP3aV,,"1,463,557",11860,55.6,0.69,0.59
23/9/2020,39,9602,91.4,147,10505,770,143,119,24,4,3,1,3,,,133,1.27,8,2,1308705899200958465,t.co/G8fbNo2olI,no test data;imputed;http://covid-19.moh.gov.my/terkini/092020/situasi-terkini-23-september-2020,"1,474,185",10628,67.7,1.38,0.71
24/9/2020,64,9666,91.4,72,10576,777,69,43,26,2,0,2,0,,,133,1.26,6,2,1309057031211552770,t.co/lCvOAVkVCn,,"1,484,812",10627,75,0.68,0.77
25/9/2020,30,9696,90.7,111,10687,858,107,76,31,4,0,4,0,,,133,1.24,4,3,,,,"1,493,645",8833,77.3,1.26,0.82
26/9/2020,89,9785,90.86,82,10769,851,79,53,26,3,2,1,0,,,133,1.24,8,4,1309784549706985473,t.co/xvNyENEnSF,,"1,502,110",8465,86.1,0.97,0.93
27/9/2020,50,9835,90.07,150,10919,950,146,124,22,4,3,1,1,,,134,1.23,6,4,1310149678902595586,t.co/1aS3uzNLCk,,"1,510,390",8280,100.1,1.81,1.09
28/9/2020,54,9889,89.62,115,11034,1011,112,98,14,3,1,2,0,,,134,1.21,8,5,1310513907866374144,t.co/mmfgHf2A3x,,"1,519,220",8830,108.4,1.3,1.16
29/9/2020,50,9939,89.26,101,11135,1062,97,89,8,4,1,3,0,,,134,1.2,13,5,1310894486122237952,t.co/B4zminZQdU,,"1,533,061",13841,111.1,0.73,1.16
30/9/2020,28,9967,88.8,89,11224,1121,86,84,2,3,0,3,2,,,136,1.21,16,3,1311254859383857153,t.co/TjJX3zy5Ze,duplicate tweet; typo on tweet id 1311238483143393281,"1,549,750",16689,102.9,0.53,1.04
1/10/2020,47,10014,87.2,260,11484,1334,259,130,129,1,0,1,0,,,136,1.18,20,3,1311626923487887361,t.co/tR8E4hoYkc,,"1,566,848",17098,129.7,1.52,1.16
2/10/2020,82,10095,85.76,287,11771,1540,287,282,25,0,,,0,,,136,1.15,25,4,1311980315104092160,t.co/E9pYkOuvP0,,"1,581,208",14360,154.9,2,1.27
3/10/2020,121,10216,84.52,317,12088,1735,317,306,11,0,,,1,,,137,1.13,26,3,1312339620193923073,t.co/983JxmCy3p,,"1,598,002",16794,188.4,1.89,1.4
4/10/2020,67,10283,83.05,293,12381,1961,292,269,23,1,0,1,0,,,137,1.1,28,4,1312684914316251137,t.co/sigu7g37ID,,"1,615,041",17039,208.9,1.72,1.38
5/10/2020,57,10340,80.7,432,12813,2336,429,409,20,3,2,1,0,,,137,1.07,32,8,,,,"1,627,612",12571,254.1,3.44,1.69
6/10/2020,87,10427,77.2,691,13504,2936,688,661,27,3,2,2,4,,,141,1.07,31,8,1313433656883474433,t.co/Lg4fD5c4T3,,"1,643,651",16039,338.4,4.31,2.2
7/10/2020,74,10501,75.04,489,13993,3351,487,467,20,2,1,1,0,,,141,1.01,40,13,1313780086391283712,t.co/xT85m71G9T,,"1,663,796",20145,395.6,2.43,2.47
8/10/2020,18,10519,73.2,375,14368,3703,371,342,29,4,0,4,5,,,146,1.02,60,20,,,,"1,681,809",18013,412,2.08,2.55
9/10/2020,188,10707,72.7,354,14722,3863,352,332,20,2,2,,6,,,152,1.03,68,25,1314531161612271617,t.co/QBIkHcAdrB,,"1,703,942",22133,421.6,1.6,2.49
10/10/2020,73,10780,71.41,374,15096,4161,372,343,29,2,1,1,3,,,155,1.03,73,28,1314887264476884993,t.co/mmi8FJSruo,,"1,722,837",18895,429.7,1.98,2.51
11/10/2020,133,10913,69.7,561,15657,4587,553,494,59,8,5,3,2,,,157,1,90,29,1315260054413537281,t.co/EaSHtsqTyb,,"1,738,868",16031,468,3.5,2.76
12/10/2020,109,11022,67.9,563,16220,5039,562,498,64,1,1,0,2,,,159,1,98,29,1315611048917962752,t.co/iHHk7nFys4,,"1,753,991",15123,486.7,3.72,2.8
13/10/2020,350,11372,67.37,660,16880,5345,658,618,40,2,0,2,4,,,163,0.97,101,32,,,,"1,768,210",14219,482.3,4.64,2.85
14/10/2020,233,11605,66.2,660,17540,5768,654,608,46,6,2,4,4,,,167,1,108,35,1316334217463119873,t.co/Og9iT7qsr2,,"1,786,829",18619,506.7,3.54,3.01
15/10/2020,409,12014,66.27,589,18129,5945,586,453,133,3,0,3,3,,,170,0.94,103,31,,,,"1,810,777",23948,537.3,2.46,3.06
16/10/2020,245,12259,65.4,629,18758,6323,627,577,50,2,2,0,6,,,176,0.9,99,31,1317058878635339776,t.co/MXUXC4SCPP,,"1,839,700",28923,576.6,2.17,3.15
17/10/2020,302,12561,64,869,19627,6886,869,745,124,0,,,4,,,180,0.92,91,30,1317431238550958080,t.co/Mx3MfevWHn,,"1,863,037",23337,647.3,3.72,3.4
18/10/2020,701,13262,64.7,871,20498,7049,866,757,109,5,3,2,7,,,187,0.91,86,28,1317777181422931968,t.co/YJUK8dHiof,,"1,885,847",22810,691.6,3.82,3.44
19/10/2020,455,13717,64.21,865,21363,7456,858,723,135,7,3,4,3,,,190,0.9,99,32,1318141593958764552,t.co/sAckDX8bV2,,"1,903,515",17668,734.7,4.9,3.61
20/10/2020,634,14351,64.6,862,22225,7681,,,,2,1,1,3,,,193,0.87,95,29,1318506612961599488,,"for unknown reason, there is no t.co shorten url retrieved","1,921,435",17920,763.6,4.81,3.63
21/10/2020,580,14931,65.04,732,22957,7827,724,618,106,8,6,2,6,,,6,0.87,102,31,1318870686941679616,t.co/AACW7HYcZ9,,"1,940,261",18826,773.9,3.89,3.68
22/10/2020,486,15417,64.8,847,23804,8183,842,,,5,0,5,5,,,204,0.9,90,29,1319232926781898757,t.co/225vDQTCQM,,"1,956,010",15749,810.7,5.38,4.1
23/10/2020,467,15884,64.8,710,24514,8416,709,619,90,1,0,1,10,,,214,0.87,90,28,1319589604601720833,t.co/Gb6VLS9nb9,,"1,973,780",17770,822.3,4,4.36
24/10/2020,671,16555,64.3,1228,25742,8966,1217,,,11,3,8,7,,,221,0.86,92,31,,,,"1,989,231",15451,873.6,7.95,4.96
25/10/2020,579,17134,64.5,823,26565,9202,823,,,0,,,8,,,229,0.86,99,30,1320313236437168129,t.co/vKybzSSUbp,,"2,006,716",17485,866.7,4.71,5.09
26/10/2020,691,17825,64.1,1240,27805,9744,1238,,,2,0,2,7,,,236,0.85,94,31,1320682448221450241,t.co/hIDP0q1w2Z,,"2,025,727",19011,920.3,6.52,5.32
27/10/2020,674,18499,64.6,835,28640,9903,830,580,250,5,1,4,2,,,238,0.83,89,32,1321040520940957697,t.co/M4XKcqPQR0,,"2,044,398",18671,916.4,4.47,5.27
28/10/2020,573,19072,64.8,801,29441,10123,799,687,112,2,1,1,8,,,246,0.84,94,25,1321414700349808645,t.co/eHx4xKkJEP,,"2,064,016",19618,926.3,4.08,5.3
29/10/2020,685,19757,65.7,649,30090,10087,642,,,7,2,5,0,,,246,0.8,106,23,1321756122290688000,t.co/Z2qNJt4iBv,,"2,083,700",19684,898,3.3,5
30/10/2020,491,20248,65.5,799,30889,10392,799,,,0,,,3,,,249,0.81,90,20,1322130120098787328,t.co/rlu7fuqW3R,,"2,101,890",18190,910.7,4.39,5.06
31/10/2020,1000,21248,67.35,659,31548,10051,658,,,1,0,1,0,,,249,0.79,83,19,1322487171450724358,t.co/0XmvHL96S4,,"2,118,966",17076,829.4,3.86,4.48
1/11/2020,972,22200,68.4,957,32505,10036,957,671,286,0,,,0,,,249,0.76,97,27,1322840569198989313,t.co/nLbfJm6toa,,"2,137,657",18691,848.6,5.12,4.54
2/11/2020,900,23120,69.34,834,33339,9968,831,,,3,1,2,2,,,251,0.8,91,32,1323217275294375936,t.co/usWH0moNgo,,"2,156,958",19301,790.6,4.32,4.22
3/11/2020,875,23995,69.8,1054,33995,10135,1040,,,14,3,11,12,,,263,0.76,94,32,1323579688065802241,t.co/b3P2gFglOa,,"2,176,725",19767,821.9,5.33,4.34
4/11/2020,820,24815,70,1032,35425,10339,1029,,,3,0,3,8,,,271,0.76,82,27,1323941498497331201,t.co/Km2kGD11hB,,"2,198,172",21447,854.9,4.81,4.45
5/11/2020,839,25654,70.4,1009,36434,10503,1000,,,9,4,5,6,,,277,0.76,78,28,1324305270248411137,t.co/gAUmiYskaK,,"2,215,701",17529,906.3,5.76,4.8
6/11/2020,726,26380,69.1,1755,38189,11530,1752,,,3,2,1,2,,,279,0.7,83,32,1324663662099877888,t.co/k46lUe6XDF,,"2,238,559",22858,1042.9,7.68,5.27
7/11/2020,1029,27409,69.6,1168,39357,11666,1168,,,0,,,3,,,282,0.7,87,32,1325026079065530370,t.co/bx8MJnu7M0,,"2,258,128",19569,1115.6,5.97,5.57
8/11/2020,825,28234,70.2,852,40209,11689,839,,,13,8,5,4,,,286,0.71,94,32,1325394566283894785,t.co/cTZqT6XC8T,,"2,275,234",17106,1100.6,4.98,5.55
9/11/2020,1345,29579,71.8,972,41181,11308,967,689,278,5,2,3,8,,,294,0.71,86,31,1325755711146532871,t.co/oIMs2kutJA,,"2,291,344",16110,1120.3,6.03,5.79
10/11/2020,725,30304,72.1,869,42050,11446,868,557,311,1,0,1,6,,,300,0.71,82,27,1326125888551837703,t.co/Og4SwqyAhW,,"2,309,836",18492,1093.9,4.7,5.7
11/11/2020,769,31073,72.5,822,42872,11497,815,,,7,1,6,2,0,2,302,0.7,86,30,,,,"2,329,033",19197,1063.9,4.28,5.63
12/11/2020,996,32069,73.2,919,43791,11419,916,500,416,3,2,1,1,,,303,0.7,92,35,1326842135061041152,t.co/W5yCgYhACd,,"2,349,211",20178,1051,4.55,5.46
13/11/2020,900,32969,73.1,1304,45095,11822,1300,724,576,4,4,,1,,,304,0.7,96,39,,,,"2,366,985",17774,986.6,7.34,5.41
14/11/2020,803,33772,73.1,1114,46209,12131,1112,,,2,1,1,2,,,306,0.7,103,43,,,,"2,385,504",18519,978.9,6.02,5.41
15/11/2020,1013,34785,73.4,1208,47417,"12,323",1202,,,6,0,6,3,,,309,0.7,104,42,1327916345367822338,t.co/ryIloyU3I4,,"2,401,043",15539,1029.7,7.77,5.81
16/11/2020,821,35606,73.4,1103,48520,12601,1102,,,1,1,,4,,,313,0.65,102,39,,,,"2,416,710",15667,1048.4,7.04,5.96
17/11/2020,1018,36624,73.6,1210,49730,13806,1191,,,19,5,14,5,,,318,0.64,105,40,1328638904619057154,t.co/RObmCwTPRO,,"2,433,079",16369,1097.1,7.39,6.34
18/11/2020,630,37254,73.9,660,50390,12814,656,,,4,2,2,4,,,322,0.6,103,41,1329008254790164481,t.co/LPmvTV07nx,,"2,451,545",18466,1074,3.57,6.24
19/11/2020,838,38092,73.7,1290,51680,13222,1285,,,5,,,4,,,326,0.6,110,37,1329366488965292033,t.co/IrZNgED8Jb,,"2,472,687",21142,1127,6.1,6.46
20/11/2020,956,39088,74.3,958,52638,13221,953,,,5,,,3,,,329,0.6,110,42,1329744733619376129,t.co/PRxeLZDYpg,,"2,492,807",20120,1077.6,4.76,6.09
21/11/2020,1405,40493,75.4,1041,53679,12854,1039,469,570,2,1,1,3,,,332,0.6,108,45,1330097655670771712,t.co/DrXpFiWHnZ,,"2,510,332",17525,1067.1,5.94,6.08
22/11/2020,1104,41597,75.9,1096,54775,12843,1090,425,665,6,0,6,3,,,335,0.61,106,46,1330451323804848128,t.co/2k6KQGdPVC,,"2,528,158",17826,1051.1,6.15,5.85
23/11/2020,883,42480,74.9,1884,56659,13842,1882,476,1406,2,2,,2,,,337,0.6,115,48,1330829293610356738,t.co/mRmUCJWENk,,"2,543,655",15497,1162.7,12.16,6.58
24/11/2020,1673,44153,75,2188,58847,14353,2188,,,0,,,4,3,1,341,0.6,112,49,1331178298945146880,t.co/MI2MIf8I8e,,"2,559,417",15762,1302.4,13.88,7.51
25/11/2020,2348,46501,77.7,970,59817,12971,965,,,5,,,4,1,3,345,0.6,110,47,1331555292832690178,t.co/ptTVinpQro,,"2,577,387",17970,1346.7,5.4,7.77
26/11/2020,2555,49056,80.7,935,60752,11348,931,,,4,,,3,3,0,348,0.57,110,45,1331902066348814336,t.co/U5dLYNgeOx,,"2,596,004",18617,1296,5.02,7.62
27/11/2020,1148,50204,81.2,1109,61861,11307,1099,,,10,,,2,0,2,350,0.57,113,41,1332277406204194816,t.co/mdUDtIn7Hs,,"2,615,087",19083,1317.6,5.81,7.77
28/11/2020,1110,51314,81.2,1315,63176,11508,1310,,,5,,,4,1,3,350,0.56,118,43,1332626780465758209,t.co/aN0dFsCiLj,,"2,634,998",19911,1356.7,6.6,7.86
29/11/2020,1333,52647,81.6,1309,64485,11481,1308,,,1,,,3,2,1,357,0.55,116,42,1332989578995671040,t.co/wbp2p99BgA,,"2,650,368",15370,1387.1,8.52,8.2
30/11/2020,2112,54759,83.4,1212,65697,10578,"1,203",644,559,9,7,2,3,3,0,360,0.55,113,42,1333367864166809600,t.co/piUF5dYxTT,,"2,667,756",17388,1291.1,6.97,7.46
1/12/2020,1552,56311,83.8,1472,67169,10495,1467,,,5,,,3,2,1,363,0.54,120,44,1333715004508360704,t.co/ZGJCVjuazE,,"2,686,452",18696,1188.9,7.87,6.6
2/12/2020,658,56969,83.75,851,68020,10686,847,580,267,4,2,2,2,1,1,365,0.54,122,47,1334087730062454784,t.co/4N9sukWLhc,,"2,707,207",20755,1171.9,4.1,6.41
3/12/2020,948,57917,83.8,1075,69095,10802,1072,,,3,,,11,11,0,376,0.54,116,46,,,,"2,728,936",21729,1191.9,4.95,6.4
4/12/2020,1144,59061,84.1,1141,70236,10799,1138,,,3,,,0,0,0,376,0.54,129,53,1334817312784830464,t.co/cDdu5y9xAy,,"2,748,881",19945,1196.4,5.72,6.39
5/12/2020,1143,60204,84.4,1123,71359,10775,1118,,,5,,,4,3,1,380,0.53,130,54,1335166520549277696,t.co/2nze3Nooz7,,"2,769,720",20839,1169,5.39,6.22
6/12/2020,1069,61273,84.29,1335,72694,11039,1332,563,769,3,3,0,2,2,0,382,0.53,126,57,1335579385957470216,t.co/wz4Rxb5faR,,"2,787,102",17382,1172.7,7.68,6.1
7/12/2020,1033,62306,83.9,1600,74294,11604,1597,,,3,,,2,2,0,384,0.52,129,57,1335896502460301313,t.co/vizwuxsMP3,,"2,806,767",19665,1228.1,8.14,6.26
8/12/2020,1750,64056,85.1,1012,75306,10862,1005,,,7,,,4,3,1,388,0.52,126,62,1336251961130143744,t.co/TVSqqPXXyC,,"2,827,083",20316,1162.4,4.98,5.85
9/12/2020,1068,65124,85.39,959,76265,10748,953,518,435,6,4,2,5,5,0,393,0.52,127,61,1336632939514273798,t.co/hu3L60D1bQ,,"2,851,220",24137,1177.9,3.97,5.83
10/12/2020,1112,66236,84.4,2234,78499,11867,2229,,,5,,,3,3,0,396,0.5,124,60,1336996437544988681,t.co/cJs9qhVcv5,,"2,871,261",20041,1343.4,11.15,6.72
11/12/2020,937,67173,83.6,1810,80309,12734,1799,,,11,,,6,6,0,402,0.5,123,63,1337343794706931713,t.co/QgJUwSTGvE,,"2,896,938",25677,1439,7.05,6.91
12/12/2020,911,68084,82.8,1937,82246,13751,1935,,,2,,,9,7,2,411,0.5,121,66,1337701844894666755,t.co/WPFTmXQTOO,,"2,918,977",22039,1555.3,8.79,7.39
13/12/2020,1309,69393,83.1,1229,83475,13667,1227,,,2,,,4,3,1,415,0.5,115,65,1338076165253152769,t.co/bqLVGCLQf4,,"2,940,782",21805,1540.1,5.64,7.1
14/12/2020,1204,70597,83.21,1370,84846,13830,1370,,,1,,,4,3,1,419,0.49,114,62,1338443841624449024,t.co/GYi9W0r4L0,,"2,960,653",19871,1507.3,6.89,6.92
15/12/2020,1084,71681,82.8,1772,86618,14515,1760,,,12,,,3,3,0,422,0.49,118,56,1338789632180273152,t.co/0XXqhWhIHv,,"2,985,115",24462,1615.9,7.24,7.25
16/12/2020,1052,72733,82.7,1295,87913,14751,1285,,,10,,,7,4,3,429,0.49,113,53,1339159407247048704,t.co/gAA2GDerEl,,"3,009,421",24306,1663.9,5.33,7.44
17/12/2020,1297,74030,83.1,1220,89133,14671,1214,,,6,,,3,2,1,432,0.48,106,53,1339512117146226688,t.co/Ism34Oknzt,,"3,034,464",25043,1519,4.87,6.54
18/12/2020,1214,75244,82.9,1683,90816,15140,1675,,,8,,,0,0,0,432,0.48,106,51,1339886275763965953,t.co/2q2wKkXoz2,,"3,057,899",23435,1500.9,7.18,6.56
19/12/2020,998,76242,82.9,1153,91696,15294,1151,,,2,,,1,1,0,433,0.47,112,56,1340246393886130176,t.co/2bTldC75jA,,"3,082,729",24830,1388.9,4.64,5.97
20/12/2020,1067,77309,82.9,1340,93309,15563,1337,,,3,,,4,3,1,437,0.47,116,57,1340609991779131392,t.co/1rny3AX6iM,,"3,101,878",19149,1404.7,7,6.17
21/12/2020,1084,78393,82.2,2018,95327,16496,2011,,,7,,,1,0,1,438,0.46,109,55,1340977402734804998,t.co/L9PX8SAVIT,,"3,122,277",20399,1497.3,9.89,6.59
22/12/2020,911,79304,81.4,2062,97389,17646,2058,,,4,,,1,0,1,439,0.45,111,51,1341331010143674368,t.co/ezWmrxMKZZ,,"3,144,658",22381,1538.7,9.21,6.88
23/12/2020,710,80014,81,1348,98737,18279,1332,,,16,,,5,0,5,444,0.45,102,44,1341701494211375105,t.co/6udCoLhu1g,,"3,170,140",25482,1546.3,5.29,6.87
24/12/2020,1085,81099,80.8,1581,100318,18773,1579,,,2,,,2,2,0,446,0.44,102,45,1342054364492386306,t.co/Jn6cbWPxCg,,"3,196,019",25879,1597.9,6.11,7.05
25/12/2020,1441,82540,81.3,1247,101565,18576,1245,,,2,,,3,2,1,449,0.44,108,47,,,,"3,223,216",27197,1535.6,4.59,6.68
26/12/2020,874,83414,80.3,2335,103900,20035,2324,,,11,,,2,2,0,451,0.43,108,50,1342773178116890625,t.co/OswUCmhs0H,,"3,239,706",16490,1704.4,14.16,8.04
27/12/2020,997,84411,80.3,1196,105096,20233,1191,,,5,,,1,1,0,452,0.43,111,50,1343141686382194688,t.co/FccO8ZgI6c,,"3,257,503",17797,1683.9,6.72,8
28/12/2020,1181,85592,80.3,1594,106690,20643,1591,,,3,,,3,3,0,455,0.4,116,53,1343522137437396993,t.co/z6tVMuzthn,,"3,271,880",14377,1623.3,11.09,8.17
29/12/2020,1123,86715,79.8,1925,108618,21443,1915,,,10,,,2,2,0,457,0.42,117,55,1343865585835261953,t.co/0rhbjED7Mr,,"3,291,834",19954,1603.7,9.65,8.23
30/12/2020,745,87460,79.2,1870,110485,22562,1868,,,2,,,6,5,1,463,0.42,131,62,1344230268815560705,t.co/U60v5aaL3u,,"3,317,646",25812,1678.3,7.24,8.51
31/12/2020,1481,88941,78.7,2525,113010,23598,2512,,,13,,,8,8,0,471,0.42,131,60,1344588538092822528,t.co/JpivFntYtX,,"3,344,327",26681,1813.1,9.46,8.99
1/1/2021,"2,230","91,171",79.2,"2,068","115,078","23,433","2,066",,,2,,,3,3,0,474,0.41,126,54,,,,"3,371,509",27182,1930.4,7.61,9.42
2/1/2021,3321,94492,80.5,2295,117373,22398,2286,,,9,,,9,9,0,483,0.41,125,51,1345319250177662984,t.co/no4c5TWDDm,,"3,390,804",19295,1924.7,11.89,9.1
3/1/2021,2726,97218,81.6,1704,119077,21365,1699,,,5,,,11,10,1,494,0.41,124,51,1345676128854233089,t.co/MM8r2O5SOR,,"3,414,380",23576,1997.3,7.23,9.17
4/1/2021,1010,98228,81.3,1741,120818,22089,1733,,,8,,,7,7,0,501,0.41,122,53,,,,"3,435,694",21314,2018.3,8.17,8.75
5/1/2021,1221,99499,81,2027,122845,22887,2011,,,16,,,8,7,1,509,0.41,123,52,1346402422743203840,t.co/znwzQfr6l5,,"3,462,628",26934,2032.9,7.53,8.45
6/1/2021,1129,"100,578",80.2,"2,593","125,438","24,347","2,589",,,4,,,4,4,0,513,0.41,141,67,1346781146940510209,t.co/XQUG3d1jvJ,,"3,492,902",30274,2136.1,8.57,8.64
7/1/2021,"2,145","102,723",79.9,"3,027","128,465","25,221","3,021","1,577","1,444",6,,,8,7,1,521,0.41,142,63,1347108866689888256,t.co/ffv3FZfXJ0,,"3,524,996",32094,2207.9,9.43,8.63
8/1/2021,"2,708","105,431",80.4,"2,643","131,108","25,140","2,641","1,666",975,2,,,16,16,0,537,0.41,170,82,1347498926572670979,t.co/3z5tZL63Bo,,"3,560,092",35096,2290,7.53,8.62
9/1/2021,"1,401","106,832",80,"2,451","133,559","26,185","2,446","1,867",589,5,,,5,5,0,542,0.41,177,82,1347856282481348608,t.co/a2oBv7PA3t,,"3,592,352",32260,2312.3,7.6,8.01
10/1/2021,"1,227","108,109",79.5,"2,433","135,992","27,332","2,426","1,784",642,7,,,9,7,2,551,0.41,171,76,1348223505653895172,t.co/ZOmrs0JI35,,"3,626,785",34433,2416.4,7.07,7.98
11/1/2021,"1,006","109,115",78.9,"2,232","138,224","28,554","2,226","1,769",457,6,,,4,3,1,555,0.4,187,87,1348583676402040834,t.co/wYBSxIjMTx,,"3,657,481",30696,2486.6,7.27,7.86
12/1/2021,"1,469","110,584",78.1,"3,309","141,533","30,390","3,303","2,461",842,6,,,4,4,0,559,0.39,190,83,1348931867269976064,t.co/BGfMgssXUA,,"3,690,390",32909,2669.7,10.06,8.22
13/1/2021,994,"111,578",77.2,"2,985","144,518","32,377","2,983","2,109",874,2,,,4,2,2,563,0.39,197,79,1349312911785615362,t.co/aCFQsrkNWn,,"3,735,103",44713,2725.7,6.68,7.95
14/1/2021,"1,710","113,288",76.6,"3,337","147,855","33,989","3,330","2,142",1188,7,,,15,13,2,578,0.39,195,86,1349673518166802433,t.co/FMkqLdgbn5,,"3,797,952",62849,2770,5.31,7.36
15/1/2021,"1,939","115,227",76.3,"3,211","151,066","35,253","3,206","2,045","1,161",5,,,8,7,1,586,0.39,204,87,,,,"3,865,363",67411,2851.1,4.76,6.96
16/1/2021,"2,148","117,375",75.7,"4,029","155,095","37,126","4,021","2,710","1,311",8,,,8,6,2,594,0.38,205,79,1350396715388424195,t.co/1s0aldLWG1,,"3,928,774",63411,3076.6,6.35,6.78
17/1/2021,"2,676","120,051",75.8,"3,339","158,434","37,782","3,324","2,292","1,032",15,,,7,6,1,601,0.38,240,93,1350748661068644352,t.co/bilqmRWgPH,,"3,990,953",62179,3206,5.37,6.54
18/1/2021,"2,293","122,344",75.6,"3,306","161,740","38,791","3,299","2,198","1,101",7,,,4,4,0,605,0.37,226,94,1351115137718104073,t.co/GCQUOnzfEY,,"4,050,684",59731,3359.4,5.53,6.29
19/1/2021,"2,944","125,288",75.8,"3,631","165,371","39,464","3,624","2,754",870,7,5,2,14,12,2,619,0.37,238,96,1351489270398156801,t.co/c6qKRjx4Gy,,"4,107,472",56788,3405.4,6.39,5.77
20/1/2021,"2,374","127,662",75.4,"4,008","169,379","41,087","4,003","2,802","1,201",5,5,0,11,9,2,630,0.37,246,96,1351837692330270720,t.co/AuT51Y0MqT,,"4,165,117",57645,3551.6,6.95,5.81
21/1/2021,"2,490","130,152",75.4,"3,170","172,549","41,755","3,162","2,475",687,8,7,1,12,12,0,642,0.37,260,103,1352216985866649603,t.co/lNcRCFVXTe,,"4,236,922",71805,3527.7,4.41,5.68
22/1/2021,"2,554","132,706",75.3,"3,631","176,180","42,814","3,625","2,982",643,6,2,4,18,17,1,660,0.37,251,102,1352566809044471809,t.co/QDQ0mqHnOX,,"4,307,729",70807,3587.7,5.13,5.74
23/1/2021,"4,313","137,019",75.9,"4,275","180,455","42,769","4,264","3,131","1,133",11,8,3,7,7,0,667,0.37,260,103,1352923741253029889,t.co/wlEKobfA0z,,"4,369,262",61533,3622.9,6.95,5.82
24/1/2021,"4,427","141,446",77,"3,346","183,801","41,677","3,339","2,602",737,7,6,1,11,10,1,678,0.37,265,102,1353273578565718017,t.co/f3xsvnwppz,,"4,431,316",62054,3623.9,5.39,5.82
25/1/2021,"3,638","145,084",77.65,"3,048","186,849","41,076","3,040","2,494",546,8,8,0,11,10,1,689,0.37,261,101,1353654745450205184,t.co/77F9fdrQiC,,"4,480,665",49349,3587,6.18,5.92
26/1/2021,"4,076","149,160",78.3,"3,585","190,434","40,574","3,582","3,053",529,3,2,1,11,10,1,700,0.37,280,111,1354007532587544576,t.co/rVgGi4D4z4,,"4,534,448",53783,3580.4,6.67,5.95
27/1/2021,"1,858","151,018",77.8,"3,680","194,114","42,389","3,674","2,384","1,290",6,4,2,7,7,0,707,0.36,314,122,1354372792649568259,t.co/VBndmbgSSd,,"4,607,225",72777,3533.6,5.06,5.68
28/1/2021,"3,281","154,299",77.8,"4,094","198,208","43,192","4,086",3328,758,8,2,6,10,9,1,717,0.36,303,118,1354721435860652034,t.co/DaZly9CTx5,,"4,666,138",58913,3665.6,6.95,6.05
29/1/2021,"3,423","157,722",77.34,"5,725","203,933","45,478","5,718",,,7,5,2,16,16,0,733,0.36,301,115,1355091890744430596,t.co/FsEsbH7xPy,"no local case breakdown, even on kpkesihatan","4,723,335",57197,3964.7,10.01,6.74
30/1/2021,"3,805","161,527",77.04,"5,728","209,661","47,388","5,723",3780,1943,5,2,3,13,12,1,746,0.36,319,120,1355462505754050563,t.co/ffEtzVf91T,,"4,777,532",54197,4172.3,10.57,7.26
31/1/2021,"4,522","166,049",77.2,"5,298","214,959","48,150","5,295","3,402","1,893",3,2,1,14,14,0,760,0.35,313,127,1355829911689125889,t.co/L6aYM3hyXO,"fixed typo in tweet, death_wn 12 to 14, death_bwn 1 to 0","4,830,428",52896,4451.1,10.02,7.92
1/2/2021,"4,280","170,329",77.7,"4,214","219,173","48,074","4,205","2,645","1,560",9,8,1,10,10,0,770,0.35,316,137,1356185550990917636,t.co/R4shWngWyG,,"4,870,589",40161,4617.7,10.49,8.54
2/2/2021,"3,661","173,990",78.2,"3,455","222,628","47,847","3,450","2,068","1,382",5,3,2,21,20,1,791,0.36,327,145,1356546574571036675,t.co/6vLAxXTpyQ,,"4,910,286",39697,4599.1,8.7,8.83
3/2/2021,"3,804","177,794",78.4,"4,284","226,912","48,039","4,278","2,619","1,659",6,2,4,18,17,1,809,0.36,307,141,1356914862648029185,t.co/GPV7Tiiicl,,"4,977,550",67264,4685.4,6.37,9.02
4/2/2021,"4,092","181,886",78.6,"4,571","231,483","48,771","4,568","3,177","1,391",3,0,3,17,15,2,826,0.36,308,135,1357277748188782593,t.co/YW0I7RCMhk,,"5,038,302",60752,4753.6,7.52,9.1
5/2/2021,"3,392","185,278",78.9,"3,391","234,874","48,751","3,387","2,439",948,4,2,2,19,17,2,845,0.36,310,134,1357645737228607489,t.co/Kucgce6wXs,"fixed typo in tweet, death_wn 15 to 17","5,100,783",62481,4420.1,5.43,8.44
6/2/2021,"1,692","186,970",78.3,"3,847","238,721","50,894","3,843","2,569","1,274",4,4,0,12,8,4,857,0.36,305,139,1357988605210152962,t.co/FOM2ypwt0z,"fixed typo in tweet, death_wn 15 to 8, death_bwn 2 to 4","5,159,982",59199,4151.4,6.5,7.86
7/2/2021,"3,369","190,339",78.5,"3,731","242,452","51,241","3,723","1,946","1,777",8,4,4,15,15,0,872,0.36,292,140,1358362501939822595,t.co/5jBN9x4vcj,,"5,215,862",55880,3927.6,6.68,7.38
8/2/2021,"2,340","192,679",78.5,"3,100","245,552","51,977","3,099","1,619","1,480",1,1,0,24,21,3,896,0.36,282,134,1358719937045438465,t.co/DqaZWhzbmm,,"5,248,398",32536,3768.4,9.53,7.25
9/2/2021,"3,887","196,566",79.16,"2,764","248,316","50,841","2,758","1,850",908,6,3,3,13,13,0,909,0.37,289,127,,,,"5,297,561",49163,3669.7,5.62,6.81
10/2/2021,"1,929","198,495",78.9,"3,288","251,064","52,186","3,283","1,889","1,394",5,3,2,14,14,0,923,0.37,285,131,1359448496026181632,t.co/1APAPZ65eg,,"5,359,044",61483,3527.4,5.35,6.66
11/2/2021,"3,774","202,269",79.3,"3,384","254,988","51,783","3,369","1,954","1,415",15,5,10,13,11,2,936,0.37,259,122,1359803920030126083,t.co/IT9RnQULsw,,"5,420,256",61212,3357.9,5.53,6.38
12/2/2021,"3,505","205,774",79.7,"3,318","258,306","51,579","3,311","1,673","1,638",7,3,4,17,16,1,953,0.37,258,119,1360171913033617411,t.co/07RSmsO3A7,,"5,474,691","54,435",3347.4,6.1,6.47
13/2/2021,"3,515","209,289",79.94,"3,499","261,805","51,558","3,498","1,871","1,627",1,1,0,5,5,0,958,0.37,263,118,1360523282601058305,t.co/0OV9J4tc4D,,"5,503,992","29,301",3297.7,11.94,7.25
14/2/2021,"4,525","213,814",80.9,"2,464","264,269","49,490","2,461","1,705",756,3,2,1,7,7,0,965,0.37,260,111,1360894954017419265,t.co/8mbtZi9jOQ,,"5,528,267","24,275",3116.7,10.15,7.74
15/2/2021,"4,521","218,335",81.9,"2,176","266,445","47,135","2,175","1,618",557,1,1,0,10,10,0,975,0.37,260,112,1361250755588485123,t.co/Yhr88R9Shv,,"5,552,058","23,791",2984.7,9.15,7.69
16/2/2021,"5,718","224,053",83.24,"2,720","269,165","44,129","2,720","1,391","1,329",0,0,0,8,7,1,983,0.37,253,118,1361632748994060288,t.co/INHqORa9ja,,"5,594,799","42,741",2978.4,6.36,7.8
17/2/2021,"5,709","229,762",84.4,"2,998","272,163","41,396","2,991","1,578","1,413",7,3,4,22,21,1,"1,005",0.37,231,115,1361980739235893251,t.co/rLeKuYlA6L,,"5,647,392","52,593",2937,5.7,7.85
18/2/2021,"5,320","235,082",85.5,"2,712","274,875","38,763","2,708","1,588","1,120",4,3,1,25,21,4,"1,030",0.37,227,103,1362345745727315969,t.co/eYXvcZ25Fb,,"5,704,086","56,694",2841,4.78,7.74
19/2/2021,"4,889","239,971",86.4,"2,936","277,811","36,797","2,919","1,572","1,347",17,4,13,13,11,2,"1,043",0.38,220,104,1362703258456711169,t.co/d7BDBLGSTv,,"5,765,706","61,620",2786.4,4.76,7.55
20/2/2021,"4,782","244,753",87.33,"2,461","280,272","34,468","2,461","1,589",872,0,0,0,8,8,0,"1,051",0.37,207,91,1363068554313035779,t.co/4OmyjXKSa8,,"5,821,709","56,003",2638.1,4.39,6.47
21/2/2021,"4,456","249,209",87.88,"3,297","283,569","33,304","3,291","1,402","1,889",6,5,1,5,4,1,"1,056",0.37,209,91,1363422142428143622,t.co/KLLNwxDMCQ,,"5,871,207","49,498",2757.1,6.66,5.97
22/2/2021,"3,414","252,623",88.4,"2,192","285,761","32,076","2,189","1,337",852,3,2,1,6,5,1,"1,062",0.37,199,91,1363811048394919941,t.co/6AVtYTIlTq,,"5,909,779","38,572",2759.4,5.68,5.48
23/2/2021,"4,055","256,678",89.05,"2,468","288,229","30,475","2,464","1,549",915,4,2,2,14,13,1,"1,076",0.37,196,92,1364147890306736128,t.co/LzDjLMwAkU,,"5,960,219","50,440",2723.4,4.89,5.27
24/2/2021,"3,331","260,009",89.1,"3,545","291,774","30,677","3,544","1,544","2,000",1,0,1,12,11,1,"1,088",0.37,189,88,,,,"6,025,214","64,995",2801.6,5.45,5.23
25/2/2021,"3,752","263,761",89.81,"1,924","293,698","28,837","1,918","1,543",375,6,2,4,12,12,0,"1,100",0.37,205,91,1364882098771750914,t.co/mWCmIzsy8P,,"6,086,310","61,096",2689,3.15,5
26/2/2021,"3,085","266,845",90.2,"2,253","295,951","27,994","2,246","1,324",922,7,3,4,11,8,3,"1,111",0.38,201,93,1365251601829568517,t.co/lc6jE063aF,,"6,138,208","51,898",2591.4,4.34,4.94
27/2/2021,"3,320","270,166",90.6,"2,364","298,315","27,028","2,363","1,455",908,1,0,1,10,8,2,"1,121",0.38,190,99,1365607514675421184,t.co/igZMT4RcFW,,"6,193,688","55,480",2577.6,4.26,4.92
28/2/2021,"3,251","273,417",90.91,"2,437","300,752","26,205","2,435","1,226","1,209",2,1,0,9,8,1,"1,130",0.38,202,93,1365967672953868288,t.co/y6gVlxQ9ck,,"6,234,519","40,831",2454.7,5.97,4.82
1/3/2021,"2,486","275,903",91.21,"1,828","302,580","25,542","1,821","1,058",763,7,4,3,5,5,0,"1,135",0.38,198,90,1366340148233822209,t.co/nEuYp8koFp,,"6,274,787","40,268",2402.7,4.54,4.66
2/3/2021,"2,528","278,431",91.5,"1,555","304,135","24,563","1,552","1,108",444,3,0,3,6,5,1,"1,141",0.38,204,96,1366704698917412864,t.co/EV0pVvFS0H,,"6,321,134","46,347",2272.3,3.36,4.44
3/3/2021,"2,276","280,707",91.8,"1,745","305,880","24,025","1,743","1,037",706,2,0,2,7,6,1,"1,148",0.38,195,95,1367077041212948481,t.co/SOVr76KhBH,,"6,367,061","45,927",2015.1,3.8,4.2
4/3/2021,"2,922","283,629",92.1,"2,063","307,943","23,161","2,054","1,419",635,9,2,7,5,5,0,"1,153",0.38,193,99,1367428807989235713,t.co/adIBaWfnSb,,"6,407,625","40,564",2035,5.09,4.48
5/3/2021,"3,275","286,904",92.5,"2,154","310,097","22,034","2,149","1,339",810,5,3,2,6,6,0,"1,159",0.37,184,87,1367779526973956101,t.co/zGRb64MjaL,,"6,455,194","47,569",2020.9,4.53,4.51
6/3/2021,"2,548","289,452",92.8,"1,680","311,777","21,159","1,677","1,225",452,3,3,0,7,7,0,"1,166",0.37,172,84,1368138364264751108,t.co/vkBrvrVNfJ,,"6,494,591","39,397",1923.1,4.26,4.51
7/3/2021,"2,506","291,958",93.14,"1,683","313,460","20,333","1,673","1,132",541,10,4,6,3,3,0,"1,169",0.37,174,81,1368493402346557442,t.co/a5OTKPAS0D,,"6,532,613","38,022",1815.4,4.43,4.29
8/3/2021,"2,076","294,034",93,"1,529","314,989","19,778","1,520","1,177",343,9,3,6,8,7,1,"1,177",0,160,79,1368860575439093760,t.co/ARAWexoQRM,,"6,559,840","27,227",1772.7,5.62,4.44
9/3/2021,"2,345","296,379",94,"1,280","316,269","18,704","1,278",919,359,2,1,1,9,8,1,"1,186",0,155,76,1369228155995578368,t.co/wUOpgCro7V,,"6,597,363","37,523",1733.4,3.41,4.45
10/3/2021,"2,137","298,516",94,"1,448","317,717","18,010","1,438",878,560,10,1,9,5,5,0,"1,192",0.38,151,72,1369593386974416896,t.co/SIh7d8Rrgb,,"6,642,173","44,810",1691,3.23,4.37
11/3/2021,"2,104","300,620",94.1,"1,647","319,364","17,544","1,642","1,102",540,5,3,2,9,9,0,"1,200",0.38,147,61,1369942481215791110,t.co/sOtREtnKkP,,"6,696,247","54,074",1631.6,3.05,4.07
12/3/2021,"2,042","302,662",94,"1,575","320,939","17,074","1,568","1,269",299,7,1,6,3,2,1,"1,203",0,147,67,1370311621491400704,t.co/ppdAFk1qnQ,,"6,747,513","51,266",1548.9,3.07,3.87
13/3/2021,"1,830","304,492",94.4,"1,470","322,409","16,711","1,458","1,099",359,12,8,4,3,3,0,"1,206",0.37,162,70,1370676030910857216,t.co/lYv2HJTn8T,,"6,797,906","50,393",1518.9,2.92,3.67
14/3/2021,"1,782","306,274",94.6,"1,354","323,763","16,279","1,340","1,042",298,14,13,1,4,4,0,"1,210",0.37,158,71,1371026112206147587,t.co/ywYN4fluWd,,"6,838,276","40,370",1471.9,3.35,3.52
15/3/2021,"1,973","308,247",94.9,"1,208","324,971","15,511","1,199",920,279,9,2,7,3,2,1,"1,213",0.37,155,70,1371399841322967045,t.co/bgiLVo95G6,,"6,870,587","32,311",1426,3.74,3.25
16/3/2021,"1,365","309,612",94.96,"1,063","326,034","15,204","1,059",814,245,4,0,4,5,5,0,"1,218",0.37,152,68,1371757780332253188,t.co/RXJ6KcTFyv,,"6,917,547","46,960",1395,2.26,3.09
17/3/2021,"1,346","310,958",95,"1,219","327,253","15,075","1,212",769,443,7,1,6,2,2,0,"1,220",0.37,154,64,,,,"6,971,371","53,824",1362.3,2.26,2.95
18/3/2021,"1,503","312,461",95.13,"1,213","328,466","14,782","1,207",866,341,6,1,5,3,3,0,"1,223",0.37,155,54,1372472583870771200,t.co/uQecQDy0Rw,,"7,029,970","58,599",1300.3,2.07,2.81
19/3/2021,"1,996","314,457",95.3,"1,576","330,042","14,360","1,565",867,698,11,8,3,2,2,0,"1,225",0.37,151,57,1372831514308747267,t.co/HdORudg0H0,,"7,085,391","55,421",1300.4,2.84,2.78
20/3/2021,"1,585","316,042",95.8,"1,671","331,713","14,442","1,669","1,038",631,2,1,1,4,4,0,"1,229",0.37,151,64,1373203850157387790,t.co/aNWeHytKfn,,"7,137,059","51,668",1329.1,3.23,2.82
21/3/2021,"1,247","317,289",95.27,"1,327","333,040","14,518","1,316",861,455,11,4,7,4,4,0,"1,233",0.37,154,65,1373574745644498944,t.co/8dVy3V5tOR,,"7,184,509","47,450",1325.3,2.8,2.74
22/3/2021,"1,495","318,784",95.4,"1,116","334,156","14,134","1,108",722,386,8,5,3,5,4,1,"1,238",0.37,156,60,1373928189370638345,t.co/xuxsrlgiZO,,"7,219,163","34,654",1312.1,3.22,2.67
23/3/2021,"1,058","319,842",95.3,"1,384","335,540","14,454","1,375",870,505,9,0,9,6,6,0,"1,244",0.37,148,62,1374292143708114953,t.co/TNxRgj27P5,,"7,264,738","45,575",1358,3.04,2.78
24/3/2021,"1,083","320,925",95.3,"1,268","336,808","14,637","1,263",946,317,5,4,1,2,2,0,"1,246",0.37,161,73,1374658579077066756,t.co/pNMS358D4J,,"7,316,059","51,321",1365,2.47,2.81
25/3/2021,"1,491","322,416",95.3,"1,360","338,168","14,504","1,359","1,086",273,1,0,1,2,2,0,"1,248",0.37,157,72,1375019134698708997,t.co/fDw3G94LrD,,"7,372,592","56,533",1386,2.41,2.86
26/3/2021,"1,509","323,925",95.43,"1,275","339,443","14,269","1,243",978,265,32,21,11,1,1,0,"1,249",0.37,161,70,1375382837650591745,t.co/gY6em6oDm9,,"7,427,876","55,284",1343,2.31,2.78
27/3/2021,"1,257","325,182",95.5,"1,199","340,642","14,209","1,194",959,235,5,2,3,2,1,1,"1,251",0.37,167,72,1375750456014561280,t.co/pcgeKIn7b2,,"7,478,436","50,560",1275.6,2.37,2.66
28/3/2021,"1,127","326,309",95.4,"1,302","341,944","14,380","1,293",840,453,9,7,2,4,4,0,"1,255",0.37,169,76,1376100887844679681,t.co/Vv4TLgJOpB,,"7,521,383","42,947",1272,3.03,2.69
29/3/2021,"1,097","327,406",95.5,941,"342,885","14,219",933,653,280,8,2,6,5,4,1,"1,260",0.37,166,73,1376463462197456902,t.co/LXfqOYZ0Ib,,"7,555,722","34,339",1247,2.74,2.62
30/3/2021,"1,148","328,554",95.5,"1,133","344,018","14,199","1,125",781,344,8,2,6,5,5,0,"1,265",0.37,161,76,1376824532174921732,t.co/tsr6OrmZLv,,"7,603,121","47,399",1211.1,2.39,2.53
31/3/2021,"1,070","329,624",95.4,"1,482","345,500","14,604","1,480",896,584,2,0,2,7,5,2,"1,272",0.37,164,81,1377194965848051715,t.co/BHJOoZ8v43,,"7,655,913","52,792",1241.7,2.81,2.58
1/4/2021,"1,377","331,001",95.5,"1,178","346,678","14,399","1,158",861,297,20,9,11,6,5,1,"1,278",0.37,163,81,1377547172833464322,t.co/HY2zI9OvRT,,"7,711,350","52,792",1215.7,2.23,2.55
2/4/2021,"1,442","332,443",95.5,"1,294","347,972","14,246","1,268",897,371,26,9,17,5,5,0,"1,283",0.37,168,78,1377929783246397448,t.co/GYVEWadzlF,,"7,764,537","53,187",1218.4,2.43,2.56
3/4/2021,"1,449","333,892",95.5,"1,638","349,610","14,432","1,631",950,681,7,3,4,3,3,0,"1,286",0.37,167,81,1378289668567879683,t.co/OauRbkqM9W,,"7,814,774","50,237",1281.1,3.26,2.68
4/4/2021,"1,270","335,162",95.5,"1,349","350,959","14,509","1,342",988,354,7,5,2,2,2,0,"1,288",0.37,186,94,1378734563912912900,t.co/93x1Euk1Co,,"7,860,010","45,236",1287.9,2.98,2.68
5/4/2021,"1,294","336,456",95.6,"1,070","352,029","14,278","1,061",904,157,9,4,5,7,7,0,"1,295",0.37,180,89,1379013827824480262,t.co/O9a8LtEntQ,,"7,894,522","34,512",1306.3,3.1,2.73
6/4/2021,"1,412","337,868",95.6,"1,300","353,329","14,161","1,276",918,358,24,12,12,5,5,0,"1,300",0.37,189,88,1379364679311532042,t.co/kiOOlxTC7d,,"7,941,361","46,839",1330.1,2.78,2.78
7/4/2021,"1,199","339,067",95.7,"1,139","354,468","14,097","1,126","1,001",125,13,7,6,4,4,0,"1,304",0.37,194,86,1379730335328444416,t.co/j7uh66a56g,,"7,992,575","51,214",1281.1,2.22,2.7
8/4/2021,"1,175","340,242",95.6,"1,285","355,753","14,203","1,268",999,269,17,8,9,4,4,0,"1,308",0.37,186,81,1380096764368224257,t.co/5DVsPAa3XO,,"8,050,587","58,012",1296.4,2.22,2.71
9/4/2021,"1,247","341,489",95.5,"1,854","357,607","14,805","1,834","1,616",218,20,5,15,5,3,2,"1,313",0.37,169,79,1380452438826647556,t.co/hShiCOTmif,,"8,104,421","53,834",1376.4,3.44,2.86
10/4/2021,"1,248","342,737",95.4,"1,510","359,117","15,059","1,505","1,339",166,5,1,4,8,8,0,"1,321",0.37,194,81,1380816176511512581,t.co/QRg3ESmP1n,,"8,157,933","53,512",1358.1,2.82,2.79
11/4/2021,"1,216","343,953",95.3,"1,739","360,856","15,574","1,731","1,343",388,8,3,5,8,8,0,"1,329",0.37,183,81,1381190456663412737,t.co/aLjyhD1yOe,,"8,204,996","47,063",1413.9,3.7,2.9
12/4/2021,"1,052","345,005",95.3,"1,317","362,173","15,835","1,317","1,107",198,12,8,4,4,4,0,"1,333",0.37,188,84,1381542127046299649,t.co/hwdqzCPdWu,,"8,240,262","35,266",1449.1,3.73,2.99
13/4/2021,"1,290","346,295",95.2,"1,767","363,490","16,300","1,758","1,508",250,9,2,7,12,12,0,"1,345",0.37,199,82,1381892290818371587,t.co/evpAwlOOxy,,"8,292,260","51,998",1515.9,3.4,3.08
14/4/2021,"1,485","347,780",95.1,"1,889","365,829","16,696","1,883","1,689",194,6,3,3,8,7,1,"1,353",0.37,204,79,1382258188548919298,t.co/goVSohskeu,,"8,345,401","53,141",1623,3.55,3.27
15/4/2021,"1,259","349,039",94.9,"2,148","367,977","17,575","2,129","1,791",338,19,6,13,10,9,1,"1,363",0.37,212,82,1382640934341419012,t.co/AFuhshLoCF,,"8,407,970","62,569",1746.3,3.43,3.44
16/4/2021,"1,524","350,563",94.6,"2,551","370,528","18,600","2,522","2,233",289,29,10,19,2,2,0,"1,365",0.37,227,91,1382979697760366593,t.co/hCFMG1M2YF,,"8,472,685","64,715",1845.9,3.94,3.51
17/4/2021,"1,832","352,395",94.5,"2,331","372,859","19,094","2,319","2,098",221,12,7,5,5,5,0,"1,370",0.37,225,92,1383357062722179073,t.co/PgQqGCeCO3,,"8,540,200","67,515",1963.1,3.45,3.6
18/4/2021,"1,427","353,822",94.3,"2,195","375,054","19,854","2,185","1,837",348,10,2,8,8,8,0,"1,378",0.37,219,90,1383701115108171778,t.co/yoDkCsbNmY,,"8,601,726","61,526",2028.3,3.57,3.58
19/4/2021,"1,402","355,224",94.2,"2,078","377,132","20,522","2,065","1,885",180,13,3,10,8,8,0,"1,386",0.37,228,93,1384080797951434756,t.co/pkzypZ1nsD,,"8,665,139","63,413",2137,3.28,3.52
20/4/2021,"1,592","356,816",94,"2,341","379,473","21,268","2,334","2,209",125,7,2,5,3,2,1,"1,389",0.37,249,95,1384441792150396931,t.co/tWr9wBHl91,,"8,718,106","52,967",2219,4.42,3.66
21/4/2021,"1,910","358,726",93.95,"2,340","381,813","21,687","2,328","2,136",192,12,1,11,11,9,2,"1,400",0.37,248,101,1384792973003476993,t.co/7tFzbKIqCv,,"8,783,027","64,921",2283.4,3.6,3.67
22/4/2021,"2,541","361,267",93.9,"2,875","384,688","22,014","2,846","2,644",202,29,1,28,7,6,1,"1,407",0.37,248,115,1385161207221346305,t.co/zjfKP30xNf,,"8,849,606","66,579",2387.3,4.32,3.8
23/4/2021,"2,341","363,608",93.8,"2,847","387,535","22,512","2,843","2,601",242,4,0,4,8,7,1,"1,415",0.37,260,125,1385522364822134786,t.co/iRoQxaELp0,,"8,923,973","74,367",2429.6,3.83,3.78
24/4/2021,"2,292","365,900",93.8,"2,717","390,252","22,926","2,691","2,493",198,26,2,24,11,10,1,"1,426",0.37,272,124,1385891462718517248,t.co/ojw0RDGCrz,,"9,001,533","77,560",2484.7,3.5,3.79
25/4/2021,"1,853","367,753",93.6,"2,690","392,942","23,753","2,680","2,397",283,10,2,8,10,10,0,"1,436",0.37,283,121,1386241880405397508,t.co/UbXd5BsCoh,,"9,066,171","64,638",2555.4,4.16,3.87
26/4/2021,"1,803","369,556",93.4,"2,776","395,718","24,713","2,773","2,383",390,3,2,1,13,12,1,"1,449",0.37,300,133,1386611119851130883,t.co/d6zZbUn4M4,,"9,121,320","55,149",2655.1,5.03,4.12
27/4/2021,"2,019","371,575",93.5,"2,733","398,451","25,414","2,728","2,481",247,5,3,2,13,12,1,"1,462",0.37,294,138,1386976844377858051,t.co/AJcFGv1z6Z,,"9,182,354","61,034",2711.1,4.48,4.13
28/4/2021,"1,822","373,397",93,"3,142","401,593","26,719","3,129","2,950",179,13,4,9,15,15,0,"1,477",0.37,306,151,1387355514091098112,t.co/kHsqryMxgR,,"9,255,512","73,158",2825.7,4.29,4.23
29/4/2021,"1,943","375,340",92.7,"3,332","404,925","28,093","3,323","3,099",224,9,1,8,15,14,1,"1,492",0.37,309,147,1387709193667284996,t.co/cJc11FV3nX,,"9,333,788","78,276",2891,4.26,4.22
30/4/2021,"2,640","377,980",92.5,"3,788","408,713","29,227","3,786","3,476",310,2,0,2,14,13,1,"1,506",0.37,328,161,1388073261288755204,t.co/SzJuXt17CK,,"9,404,237","70,449",3025.4,5.38,4.44
1/5/2021,"2,462","380,442",92.4,"2,881","411,594","29,631","2,865","2,609",256,16,5,11,15,15,0,"1,521",0.37,337,176,1388425297012224002,t.co/pVp6ww2DF3,,"9,482,221","77,984",3048.9,3.69,4.47
2/5/2021,"2,698","383,140",92.3,"3,418","415,012","30,339","3,408","3,134",274,10,1,9,12,12,0,"1,533",0.37,345,175,1388785425578221570,t.co/MzP7uHPOGi,,"9,540,806","58,585",3152.9,5.83,4.71
3/5/2021,"2,068","385,208",92.3,"2,500","417,512","30,753","2,496","2,301",195,4,2,2,18,17,1,"1,551",0.37,352,186,,,,"9,592,018","51,212",3113.4,4.88,4.69
4/5/2021,"2,334","387,542",92.1,"3,120","420,632","31,516","3,114","2,918",196,6,1,5,23,23,0,"1,574",0.37,338,181,1389508133022625794,t.co/Rnj7QfCEA1,,"9,658,428","66,410",3168.7,4.7,4.72
5/5/2021,"2,304","389,846",91.9,"3,744","424,376","32,939","3,737","3,514",223,7,1,6,17,17,0,"1,591",0.37,328,185,1389879195870785544,t.co/5wlHSJydwd,,"9,738,805","80,377",3254.7,4.66,4.77
6/5/2021,"2,709","392,555",91.7,"3,551","427,927","33,762","3,535","3,242",293,16,10,6,19,18,1,"1,610",0.37,354,199,1390255318655897601,t.co/1q3RdBqPrl,,"9,821,639","82,834",3286,4.29,4.78
7/5/2021,"3,449","396,004",91.6,"4,498","432,425","34,789","4,493","4,179",314,5,1,4,22,20,2,"1,632",0.38,372,211,1390617355227566081,t.co/YbLdPvfgVz,,"9,904,315","82,676",3387.4,5.44,4.78
8/5/2021,"2,719","398,723",91.25,"4,519","436,944","36,564","4,514","3,964",550,5,5,0,25,24,1,"1,657",0.38,393,210,1390979164618903552,t.co/T8asr1iYeM,,"9,980,413","76,098",3621.4,5.94,5.11
9/5/2021,"3,211","401,934",91.2,"3,733","440,677","37,060","3,727","3,301",426,6,1,5,26,25,1,"1,683",0.38,416,216,1391322252134682624,t.co/nAwHTdWJ9f,,"10,055,506","75,093",3666.4,4.97,4.98
10/5/2021,"3,454","405,388",91.2,"3,807","444,484","37,396","3,802","3,642",160,5,2,3,17,16,1,"1,700",0.38,434,224,1391693894484512771,t.co/uwAwNrjUSH,,"10,115,424","59,918",3853.1,6.35,5.19
11/5/2021,"2,848","408,236",91.03,"3,973","448,457","38,499","3,968","3,540",428,5,1,4,22,22,0,"1,722",0.38,453,244,1392064562510188548,t.co/98vuPcpPoM,,"10,169,657","54,233",3975,7.33,5.57
12/5/2021,"3,124","411,360",90.8,"4,765","453,222","40,101","4,758","4,291",467,7,5,2,39,37,2,"1,761",0.39,469,244,1392416034284474369,t.co/f85ilLElUf,,"10,257,115","87,458",4120.9,5.45,5.68
13/5/2021,"3,347","414,707",90.5,"4,855","458,077","41,582","4,852","4,494",358,3,0,3,27,27,0,"1,788",0.39,481,247,1392787613619134465,t.co/kVnTvHX5E6,,"10,341,089","83,974",4307.1,5.78,5.89
14/5/2021,"4,190","418,897",90.6,"4,113","462,190","41,471","4,112","3,791",321,1,0,1,34,34,0,"1,822",0.39,482,250,1393142221210148864,t.co/EqIvU4fjHJ,,"10,397,529","56,440",4252.1,7.29,6.16
15/5/2021,"3,432","422,329",90.6,"4,140","466,330","42,135","4,131","3,728",403,9,9,0,44,43,1,"1,866",0.4,503,272,1393520947638915074,t.co/SXMm65Iwdx,,"10,445,009","47,480",4198,8.72,6.56
16/5/2021,"3,990","426,319",90.7,"3,780","470,110","41,889","3,778","3,441",337,2,2,0,36,35,1,"1,902",0.4,520,272,1393868519394058243,t.co/SYAZ5juTO3,,"10,503,288","58,279",4204.7,6.49,6.77
17/5/2021,"2,784","429,103",90.4,"4,446","474,556","43,506","4,443","4,230",213,3,3,0,45,44,1,"1,947",0.41,522,273,1394249432716111876,t.co/WZb2jZxJKa,,"10,573,102","69,814",4296,6.37,6.77
18/5/2021,"3,497","432,600",90.2,"4,865","479,421","44,827","4,860","4,650",210,5,3,2,47,46,1,"1,994",0.42,531,277,1394598840448086018,t.co/81cOS3A5fT,,"10,663,780","90,678",4423.4,5.37,6.49
19/5/2021,"3,516","436,116",89.8,"6,075","485,496","47,340","6,072","5,452",620,3,1,2,46,45,1,"2,040",0.42,559,303,1394951083114434561,,"for unknown reason, there is no t.co shorten url retrieved","10,765,602","101,822",4610.6,5.97,6.57
20/5/2021,"3,916","440,032",89.4,"6,806","492,302","50,171","6,804","6,122",682,2,2,0,59,58,1,"2,099",0.43,587,330,1395326594042896392,t.co/4zEFX1M1kq,,"10,876,983","111,381",4889.3,6.11,6.61
21/5/2021,"4,508","444,540",89.1,"6,493","498,795","52,106","6,491","6,038",453,2,1,1,50,49,1,"2,149",0.43,643,363,1395682030369734657,t.co/MfKfWXS0bc,,"10,986,099","109,116",5229.3,5.95,6.42
22/5/2021,"4,694","449,234",88.9,"6,320","505,115","53,682","6,317","5,870",447,3,0,3,50,48,2,"2,199",0.44,652,370,1396051310508593153,t.co/Nu4iJUPxF1,,"11,100,126","114,027",5540.7,5.54,5.97
23/5/2021,"3,587","452,821",88.4,"6,976","512,091","57,020","6,971","6,324",647,5,1,4,49,48,1,"2,248",0.44,681,361,1396405410156875782,t.co/ik9gngcTIC,,"11,206,334","106,208",5997.3,6.57,5.98
24/5/2021,"3,452","456,273",88,"6,509","518,600","60,018","6,489","5,931",558,20,17,3,61,61,0,"2,309",0.45,711,369,1396772302574948356,t.co/jEIkMYdK0b,,"11,301,784","95,450",6292,6.82,6.05
25/5/2021,"3,789","460,062",87.5,"7,289","525,889","63,458","7,285","6,813",472,4,1,3,60,59,1,"2,369",0.45,726,373,1397134341889687554,t.co/wEdjJNPPKT,,"11,398,905","97,121",6638.3,7.51,6.35
26/5/2021,"4,665","464,727",87.1,"7,478","533,367","66,208","7,473","6,913",560,5,0,5,63,57,6,"2,432",0.46,756,377,1397506435630526469,t.co/FYOlrDdZWz,,"11,513,351","114,446",6838.7,6.53,6.43
27/5/2021,"4,598","469,325",86.7,"7,857","541,224","69,408","7,849","7,340",509,8,2,6,59,59,0,"2,491",0.46,771,392,1397862137049927682,t.co/ySrSMIPKwx,,"11,625,001","111,650",6988.9,7.04,6.57
28/5/2021,"4,814","474,139",86.3,"8,290","549,514","72,823","8,288","7,630",658,2,0,2,61,59,2,"2,552",0.46,808,403,1398214669878194179,t.co/odWAuBM512,,"11,740,855","115,854",7245.6,7.16,6.74
29/5/2021,"5,527","479,666",85.9,"9,020","558,534","76,218","9,015","8,346",669,5,4,1,98,98,0,"2,650",0.47,844,430,1398598734536007680,t.co/Vw0PSeO2ii,,"11,867,335","126,480",7631.3,7.13,6.96
30/5/2021,"5,121","484,787",85.7,"6,999","565,533","78,017","6,995","6,385",610,4,3,1,79,78,1,"2,729",0.48,846,419,1398952211636363264,t.co/72QvjEQOKx,,"11,976,897","109,562",7634.6,6.39,6.94
31/5/2021,"5,251","490,038",85.6,"6,824","572,357","79,523","6,821","6,239",582,3,1,2,67,64,3,"2,796",0.49,851,422,1399306366381035524,t.co/Z9V2pOSnAQ,,"12,066,124","89,227",7679.6,7.65,7.06
1/6/2021,"6,083","496,121",85.6,"7,105","579,462","80,474","7,103","6,550",553,2,0,2,71,69,2,"2,867",0.49,872,419,1399666959298404353,t.co/LJ1T2RURsv,,"12,167,009","100,885",7653.3,7.04,6.99
2/6/2021,"5,777","501,898",85.5,"7,703","587,165","82,274","7,701","6,860",841,2,1,1,126,123,3,"2,993",0.51,878,441,1400037308242354178,t.co/qXRrHJMUSi,,"12,267,297","100,288",7685.4,7.68,7.15
3/6/2021,"7,049","508,947",85.5,"8,209","595,374","83,331","8,145","7,046","1,099",64,56,8,103,100,3,"3,096",0.52,880,446,1400402062777622532,t.co/1iQqQoIeOa,,"12,371,406","104,109",7735.7,7.89,7.28
4/6/2021,"6,624","515,571",85.5,"7,748","603,122","84,369","7,746","6,721","1,025",2,0,2,86,83,3,"3,182",0.53,883,459,1400776903275859971,t.co/S5sEbsaaj3,,"12,476,699","105,293",7658.3,7.36,7.3
5/6/2021,"6,105","521,676",85.4,"7,452","610,574","85,607","7,444","6,308","1,136",8,4,4,109,105,4,"3,291",0.54,886,446,1401131643868377089,t.co/ILr8ZOxXoU,,"12,580,561","103,862",7434.3,7.17,7.31
6/6/2021,"5,133","526,809",85.4,"6,241","616,815","86,628","6,227","5,404",823,14,5,9,87,84,3,"3,378",0.55,890,444,1401483084801839105,t.co/qn8KaKD2ig,,"12,670,559","89,998",7326,6.93,7.39
7/6/2021,"7,548","534,357",85.9,"5,271","622,086","84,269","5,257","4,763",494,14,4,10,82,80,2,"3,460",0.56,902,447,1401846058536226822,t.co/qiRMW8yFXu,,"12,752,267","81,708",7104.1,6.45,7.22
8/6/2021,"6,962","541,319",86.3,"5,566","627,652","82,797","5,562","4,895",667,4,0,4,76,75,1,"3,536",0.56,903,458,1402215793475997697,t.co/PGRVqrN72E,,"12,829,297","77,030",6884.3,7.23,7.24
9/6/2021,"7,386","548,705",86.56,"6,239","633,891","81,575","6,228","5,377",851,11,7,4,75,74,1,"3,611",0.57,905,453,1402572633074331652,t.co/Ryx1zWAbpY,,"12,920,184","90,887",6675.1,6.86,7.13
10/6/2021,"7,325","556,030",86.94,"5,671","639,562","79,848","5,663","4,880",783,8,4,4,73,70,3,"3,684",0.58,911,462,1402947781107482624,t.co/FGafclYzik,,"13,020,243","100,059",6312.6,5.67,6.81
11/6/2021,"7,749","563,779",87.22,"6,849","646,411","78,864","6,845","4,935","1,910",4,1,3,84,76,8,"3,768",0.58,912,458,1403321459083079700,t.co/4AIPLhoZWI,,"13,120,217","99,974",6184.1,6.85,6.74
12/6/2021,"8,334","572,113",87.72,"5,793","652,204","76,247","5,787","4,851",936,6,4,2,76,76,0,"3,844",0.59,914,459,1403689890882064390,t.co/MHsY1lbaN0,,"13,210,455","90,238",5947.1,6.42,6.63
13/6/2021,"8,163","580,276",88.25,"5,304","657,508","73,324","5,299","4,146","1,153",5,2,3,64,61,3,"3,908",0.6,917,452,1404021131653251078,t.co/a7AI59FVYq,,"13,290,585","80,130",5813.3,6.62,6.59
14/6/2021,"6,588","586,864",88.59,"4,949","662,457","71,625","4,943","4,019",924,6,2,4,60,58,2,"3,968",0.6,921,459,1404394046856916993,t.co/WRrW5l5wjl,,"13,360,629","70,044",5767.3,7.07,6.67
15/6/2021,"6,831","593,695",88.9,"5,419","667,876","70,112","5,413","4,510",903,6,4,2,101,98,3,"4,069",0.61,922,450,1404748394015252484,t.co/mLvlRu7DKA,,"13,437,694","77,065",5746.3,7.03,6.65
16/6/2021,"7,240","600,935",89.29,"5,150","673,026","67,949","5,147","4,304",843,3,3,0,73,62,11,"4,142",0.61,924,453,1405118999654928388,t.co/CSPTxHD0hx,,"13,522,560","84,866",5590.7,6.07,6.53
17/6/2021,"7,530","608,465",89.64,"5,738","678,764","66,097","5,735","4,522","1,213",3,0,3,60,58,2,"4,202",0.62,909,441,1405482950607572998,t.co/sTk6Hgq9sZ,,"13,604,929","82,369",5600.3,6.97,6.72
18/6/2021,"6,861","615,326",89.8,"6,440","685,204","65,602","6,435","4,662","1,773",5,2,3,74,68,6,"4,276",0.62,894,451,1405833212031422469,t.co/KxjsYdSjC6,,"13,687,898","82,969",5541.9,7.76,6.85
19/6/2021,"6,918","622,244",90.03,"5,911","691,115","64,523","5,910","4,444","1,466",1,1,0,72,64,8,"4,348",0.63,886,441,1406200140398948354,t.co/i4AKuZKz5a,,"13,771,611","83,713",5558.7,7.06,6.94
20/6/2021,"5,941","628,185",90.2,"5,293","696,408","63,815","5,286","3,894","1,392",7,3,4,60,56,4,"4,408",0.63,880,454,1406551076103331843,t.co/4X7Z5wCcv8,,"13,849,262","77,651",5557.1,6.82,6.97
21/6/2021,"5,439","633,624",90.39,"4,611","701,019","62,918","4,603","3,683",920,8,4,4,69,66,3,"4,477",0.64,880,452,1406937176529510406,t.co/q4NPevAYmC,,"13,907,646","58,384",5508.9,7.9,7.09
22/6/2021,"5,557","639,181",90.6,"4,743","705,762","62,027","4,741","3,843",898,2,1,1,77,70,7,"4,554",0.64,875,445,1407288059670908935,t.co/fIlSccznsZ,,"13,976,710","69,064",5412.3,6.87,7.06
23/6/2021,"6,372","645,553",90.8,"5,244","711,006","60,816","5,237","4,291",946,7,4,3,83,77,6,"4,637",0.65,879,433,1407724002181750785,t.co/4I5gB9uwPV,,"14,053,346","76,636",5425.7,6.84,7.17
24/6/2021,"5,411","650,964",90.81,"5,841","716,847","61,162","5,833","4,683","1,150",8,1,7,84,73,11,"4,721",0.66,869,438,1408021046561677314,t.co/6nfqnPRDfr,,"14,127,888","74,542",5440.4,7.84,7.3
25/6/2021,"6,775","657,739",91.02,"5,812","722,659","60,117","5,780","4,214","1,566",32,17,15,82,71,11,"4,803",0.66,870,433,1408378080935088130,t.co/BqK3haGYPI,,"14,202,036","74,148",5350.7,7.84,7.31
26/6/2021,"5,193","662,932",91,"5,803","728,462","60,646","5,793","4,433","1,360",10,3,7,81,78,3,"4,884",0.67,866,435,1408741470522155010,t.co/pLiM2bALmD,,"14,277,789","75,753",5335.3,7.66,7.39
27/6/2021,"4,777","667,709",90.96,"5,586","734,048","61,395","5,583","4,186","1,397",3,1,2,60,52,8,"4,944",0.67,886,446,1409090798331723778,t.co/rtx7jLMBE4,"fixed typo in tweet, 866 to 886","14,344,758","66,969",5377.1,8.34,7.61
28/6/2021,"4,744","672,453",90.96,"5,218","739,266","61,812","5,211","4,121","1,090",7,1,6,57,54,3,"5,001",0.68,899,451,1409468139847307268,t.co/Z6Kk4rcpLH,,"14,405,783","61,025",5463.9,8.55,7.71
29/6/2021,"5,298","677,751",90.89,"6,437","745,703","62,844","6,423","4,672","1,751",14,3,11,107,99,8,"5,108",0.68,905,455,1409815310543187968,t.co/9XBwKispYD,,"14,473,835","68,052",5705.9,9.46,8.08
30/6/2021,"4,929","682,680",90.8,"6,276","751,979","64,129","6,260","4,997","1,263",16,12,4,62,59,3,"5,170",0.69,905,452,1410183957648314369,t.co/uZL7k417ko,,"14,557,356","83,521",5853.3,7.51,8.17
1/7/2021,"5,580","688,260",90.68,"6,988","758,967","64,453","6,983","5,271","1,712",5,2,3,84,77,7,"5,254",0.69,917,445,1410550775693021188,t.co/iiVku8HFrP,"fixed typo in tweet, 64453 to 65453","14,645,806","88,450",6017.1,7.9,8.18
2/7/2021,"6,278","694,538",90.7,"6,982","765,949","66,084","6,979","5,265","1,714",3,2,1,73,64,9,"5,327",0.7,905,443,1410901439535226883,t.co/TklLd427Id,,"14,734,443","88,637",6184.3,7.88,8.19
3/7/2021,"5,677","700,215",90.63,"6,658","772,607","66,958","6,647","5,061","1,586",11,4,7,107,98,9,"5,434",0.7,892,443,1411285088076140559,t.co/QFtvBgUD20,,"14,819,514","85,071",6306.4,7.83,8.21
4/7/2021,"5,271","705,486",90.6,"6,045","778,652","67,669","6,025","4,647","1,378",20,13,7,63,54,9,"5,497",0.71,917,443,1411624459723706371,t.co/eVgJuPDQ85,,"14,899,543","80,029",6372,7.55,8.1
5/7/2021,"4,532","710,018",90.4,"6,387","785,039","69,447","6,361","4,864","1,497",26,13,13,77,73,4,"5,574",0.71,923,433,1411991433658048514,t.co/YZq9sl1tPs,,"14,965,606","66,063",6539,9.67,8.26
6/7/2021,"4,797","714,815",90.2,"7,654","792,693","72,201","7,643","5,486","2,157",11,5,6,103,94,9,"5,677",0.72,943,450,1412358557421359105,t.co/BBC7mFGxic,,"15,047,235","81,629",6712.9,9.38,8.25
7/7/2021,"4,863","719,678",89.98,"7,097","799,790","74,344","7,071","5,521","1,550",26,15,11,91,79,12,"5,768",0.72,948,441,1412744896536924167,t.co/DYMwtatcBe,,"15,133,699","86,464",6830.1,8.21,8.34
8/7/2021,"5,802","725,480",89.71,"8,868","808,658","77,275","8,858","6,867","1,991",10,5,5,135,119,16,"5,903",0.73,952,445,1413080758395174912,t.co/amDRY4t2Ce,,"15,228,292","94,593",7098.7,9.37,8.55
9/7/2021,"5,713","731,193",89.4,"9,180","817,838","80,665","9,180","7,122","2,051",7,2,5,77,73,4,"5,980",0.73,959,465,,,,"15,325,734","97,442",7412.7,9.42,8.78
10/7/2021,"5,910","737,103",89.1,"9,353","827,191","84,021","9,342","6,645","2,697",11,3,8,87,78,9,"6,067",0.73,959,451,1413809970882043907,t.co/Ak5gqSxO9r,typo in total people tested of taburan kes image,"15,431,671","105,937",7797.7,8.83,8.92
11/7/2021,"5,194","742,297",88.8,"9,105","836,296","87,841","9,087","7,438","1,649",18,8,10,91,86,5,"6,158",0.74,961,455,1414170434702954502,t.co/EgRbnXLL1L,,"15,529,169","97,498",8234.9,9.34,9.17
